source_title,publication_year,jif
AGRICULTURE ECOSYSTEMS & ENVIRONMENT,1997,0.661
AGRICULTURE ECOSYSTEMS & ENVIRONMENT,1998,0.643
AGRICULTURE ECOSYSTEMS & ENVIRONMENT,1999,0.975
AGRICULTURE ECOSYSTEMS & ENVIRONMENT,2000,0.903
AGRICULTURE ECOSYSTEMS & ENVIRONMENT,2001,1.297
AGRICULTURE ECOSYSTEMS & ENVIRONMENT,2002,1.369
AGRICULTURE ECOSYSTEMS & ENVIRONMENT,2003,1.444
AGRICULTURE ECOSYSTEMS & ENVIRONMENT,2004,1.207
AGRICULTURE ECOSYSTEMS & ENVIRONMENT,2005,1.495
AGRICULTURE ECOSYSTEMS & ENVIRONMENT,2006,1.832
AGRICULTURE ECOSYSTEMS & ENVIRONMENT,2007,2.308
AGRICULTURE ECOSYSTEMS & ENVIRONMENT,2008,2.884
AGRICULTURE ECOSYSTEMS & ENVIRONMENT,2009,3.13
AGRICULTURE ECOSYSTEMS & ENVIRONMENT,2010,2.79
AGRICULTURE ECOSYSTEMS & ENVIRONMENT,2011,3.004
AGRICULTURE ECOSYSTEMS & ENVIRONMENT,2012,2.859
AGRICULTURE ECOSYSTEMS & ENVIRONMENT,2013,3.203
AGRICULTURE ECOSYSTEMS & ENVIRONMENT,2014,3.402
AGRICULTURE ECOSYSTEMS & ENVIRONMENT,2015,3.564
AGRICULTURE ECOSYSTEMS & ENVIRONMENT,2016,4.099
AGRICULTURE ECOSYSTEMS & ENVIRONMENT,2017,3.541
AGRICULTURE ECOSYSTEMS & ENVIRONMENT,2018,3.954
AGRICULTURE ECOSYSTEMS & ENVIRONMENT,2019,4.241
AGRICULTURE ECOSYSTEMS & ENVIRONMENT,2020,5.567
AGRICULTURE ECOSYSTEMS & ENVIRONMENT,2021,6.576
AGRICULTURE ECOSYSTEMS & ENVIRONMENT,2022,6.6
AGRICULTURE ECOSYSTEMS & ENVIRONMENT,2023,6
ANIMAL BEHAVIOUR,1997,1.897
ANIMAL BEHAVIOUR,1998,2.292
ANIMAL BEHAVIOUR,1999,2.148
ANIMAL BEHAVIOUR,2000,2.138
ANIMAL BEHAVIOUR,2001,2.483
ANIMAL BEHAVIOUR,2002,2.423
ANIMAL BEHAVIOUR,2003,2.557
ANIMAL BEHAVIOUR,2004,2.092
ANIMAL BEHAVIOUR,2005,2.669
ANIMAL BEHAVIOUR,2006,2.711
ANIMAL BEHAVIOUR,2007,2.752
ANIMAL BEHAVIOUR,2008,2.828
ANIMAL BEHAVIOUR,2009,2.89
ANIMAL BEHAVIOUR,2010,3.101
ANIMAL BEHAVIOUR,2011,3.493
ANIMAL BEHAVIOUR,2012,3.068
ANIMAL BEHAVIOUR,2013,3.068
ANIMAL BEHAVIOUR,2014,3.137
ANIMAL BEHAVIOUR,2015,3.169
ANIMAL BEHAVIOUR,2016,2.869
ANIMAL BEHAVIOUR,2017,3.067
ANIMAL BEHAVIOUR,2018,2.675
ANIMAL BEHAVIOUR,2019,2.689
ANIMAL BEHAVIOUR,2020,2.844
ANIMAL BEHAVIOUR,2021,3.041
ANIMAL BEHAVIOUR,2022,2.5
ANIMAL BEHAVIOUR,2023,2.3
Animals,2018,1.832
Animals,2019,2.323
Animals,2020,2.752
Animals,2021,3.231
Animals,2022,3
Animals,2023,2.7
ARCTIC,1997,0.5
ARCTIC,1998,0.412
ARCTIC,1999,0.725
ARCTIC,2000,0.88
ARCTIC,2001,0.733
ARCTIC,2002,0.84
ARCTIC,2003,0.518
ARCTIC,2004,0.667
ARCTIC,2005,0.857
ARCTIC,2006,1.423
ARCTIC,2007,0.877
ARCTIC,2008,1.264
ARCTIC,2009,0.95
ARCTIC,2010,0.988
ARCTIC,2011,1.027
ARCTIC,2012,1.208
ARCTIC,2013,1.077
ARCTIC,2014,1.174
ARCTIC,2015,1.022
ARCTIC,2016,1.165
ARCTIC,2017,1.141
ARCTIC,2018,1.426
ARCTIC,2019,1.54
ARCTIC,2020,1.783
ARCTIC,2021,1.633
ARCTIC,2022,1.2
ARCTIC,2023,0.9
AUK,1997,1.074
AUK,1998,1.396
AUK,1999,1.49
AUK,2000,1.69
AUK,2001,1.379
AUK,2002,1.61
AUK,2003,1.597
AUK,2004,1.673
AUK,2005,1.838
AUK,2006,2.056
AUK,2007,2.303
AUK,2008,2.303
AUK,2009,2.005
AUK,2010,1.807
AUK,2011,2.156
AUK,2012,2.404
AUK,2013,2.627
AUK,2014,1.864
AUK,2015,1.871
AUK,2016,2.096
AUK,2017,2.442
AUK,2018,2.659
AUK,2019,2.114
AUK,2020,2.188
AUK,2021,2.56
AUK,2022,2.8
AVIAN CONSERVATION AND ECOLOGY,2011,0.679
AVIAN CONSERVATION AND ECOLOGY,2012,0.467
AVIAN CONSERVATION AND ECOLOGY,2013,0.25
AVIAN CONSERVATION AND ECOLOGY,2014,1.441
AVIAN CONSERVATION AND ECOLOGY,2015,1.474
AVIAN CONSERVATION AND ECOLOGY,2016,1.086
AVIAN CONSERVATION AND ECOLOGY,2017,1.436
AVIAN CONSERVATION AND ECOLOGY,2018,2.138
AVIAN CONSERVATION AND ECOLOGY,2019,2.541
AVIAN CONSERVATION AND ECOLOGY,2020,1.763
AVIAN CONSERVATION AND ECOLOGY,2021,1.635
AVIAN CONSERVATION AND ECOLOGY,2022,1.4
AVIAN CONSERVATION AND ECOLOGY,2023,1.4
AVIAN RESEARCH,2015,0.375
AVIAN RESEARCH,2016,0.853
AVIAN RESEARCH,2017,1.063
AVIAN RESEARCH,2018,0.818
AVIAN RESEARCH,2019,1.215
AVIAN RESEARCH,2020,1.774
AVIAN RESEARCH,2021,2.043
AVIAN RESEARCH,2022,1.8
AVIAN RESEARCH,2023,1.6
BIOLOGICAL CONSERVATION,1997,1.108
BIOLOGICAL CONSERVATION,1998,1.102
BIOLOGICAL CONSERVATION,1999,1.579
BIOLOGICAL CONSERVATION,2000,1.578
BIOLOGICAL CONSERVATION,2001,1.689
BIOLOGICAL CONSERVATION,2002,1.783
BIOLOGICAL CONSERVATION,2003,2.056
BIOLOGICAL CONSERVATION,2004,2.166
BIOLOGICAL CONSERVATION,2005,2.581
BIOLOGICAL CONSERVATION,2006,2.854
BIOLOGICAL CONSERVATION,2007,3.296
BIOLOGICAL CONSERVATION,2008,3.566
BIOLOGICAL CONSERVATION,2009,3.167
BIOLOGICAL CONSERVATION,2010,3.498
BIOLOGICAL CONSERVATION,2011,4.115
BIOLOGICAL CONSERVATION,2012,3.794
BIOLOGICAL CONSERVATION,2013,4.036
BIOLOGICAL CONSERVATION,2014,3.762
BIOLOGICAL CONSERVATION,2015,3.985
BIOLOGICAL CONSERVATION,2016,4.022
BIOLOGICAL CONSERVATION,2017,4.661
BIOLOGICAL CONSERVATION,2018,4.451
BIOLOGICAL CONSERVATION,2019,4.711
BIOLOGICAL CONSERVATION,2020,5.991
BIOLOGICAL CONSERVATION,2021,7.499
BIOLOGICAL CONSERVATION,2022,5.9
BIOLOGICAL CONSERVATION,2023,4.9
BIOLOGY AND CONSERVATION OF OWLS OF THE NORTHERN HEMISPHERE,1997,NA
BIOSCIENCE,1997,2.09
BIOSCIENCE,1998,2.983
BIOSCIENCE,1999,3.081
BIOSCIENCE,2000,3.952
BIOSCIENCE,2001,3.295
BIOSCIENCE,2002,3.195
BIOSCIENCE,2003,3.266
BIOSCIENCE,2004,3.041
BIOSCIENCE,2005,4.708
BIOSCIENCE,2006,5.424
BIOSCIENCE,2007,4.083
BIOSCIENCE,2008,4.058
BIOSCIENCE,2009,4.064
BIOSCIENCE,2010,5.51
BIOSCIENCE,2011,4.621
BIOSCIENCE,2012,4.739
BIOSCIENCE,2013,5.439
BIOSCIENCE,2014,5.524
BIOSCIENCE,2015,4.294
BIOSCIENCE,2016,5.378
BIOSCIENCE,2017,5.876
BIOSCIENCE,2018,6.591
BIOSCIENCE,2019,8.282
BIOSCIENCE,2020,8.589
BIOSCIENCE,2021,11.572
BIOSCIENCE,2022,10.1
BIOSCIENCE,2023,8.1
BMC PUBLIC HEALTH,2002,0.294
BMC PUBLIC HEALTH,2003,0.932
BMC PUBLIC HEALTH,2004,1.551
BMC PUBLIC HEALTH,2005,1.658
BMC PUBLIC HEALTH,2006,1.603
BMC PUBLIC HEALTH,2007,1.633
BMC PUBLIC HEALTH,2008,2.029
BMC PUBLIC HEALTH,2009,2.223
BMC PUBLIC HEALTH,2010,2.364
BMC PUBLIC HEALTH,2011,1.997
BMC PUBLIC HEALTH,2012,2.076
BMC PUBLIC HEALTH,2013,2.321
BMC PUBLIC HEALTH,2014,2.264
BMC PUBLIC HEALTH,2015,2.209
BMC PUBLIC HEALTH,2016,2.265
BMC PUBLIC HEALTH,2017,2.42
BMC PUBLIC HEALTH,2018,2.567
BMC PUBLIC HEALTH,2019,2.521
BMC PUBLIC HEALTH,2020,3.295
BMC PUBLIC HEALTH,2021,4.135
BMC PUBLIC HEALTH,2022,4.5
BMC PUBLIC HEALTH,2023,3.5
CANADIAN FIELD-NATURALIST,1997,0.225
CANADIAN FIELD-NATURALIST,1998,0.311
CANADIAN FIELD-NATURALIST,1999,0.294
CANADIAN FIELD-NATURALIST,2000,0.333
CANADIAN FIELD-NATURALIST,2001,0.345
CANADIAN FIELD-NATURALIST,2002,0.249
CANADIAN FIELD-NATURALIST,2003,0.329
CANADIAN FIELD-NATURALIST,2004,0.27
CANADIAN FIELD-NATURALIST,2005,0.191
CANADIAN FIELD-NATURALIST,2006,0.073
CANADIAN FIELD-NATURALIST,2007,0.143
CANADIAN FIELD-NATURALIST,2008,0.064
CANADIAN FIELD-NATURALIST,2009,0.156
CANADIAN FIELD-NATURALIST,2010,0.037
CANADIAN FIELD-NATURALIST,2011,0.043
CANADIAN JOURNAL OF PUBLIC HEALTH-REVUE CANADIENNE DE SANTE PUBLIQUE,1997,0.342
CANADIAN JOURNAL OF PUBLIC HEALTH-REVUE CANADIENNE DE SANTE PUBLIQUE,1998,0.449
CANADIAN JOURNAL OF PUBLIC HEALTH-REVUE CANADIENNE DE SANTE PUBLIQUE,1999,0.584
CANADIAN JOURNAL OF PUBLIC HEALTH-REVUE CANADIENNE DE SANTE PUBLIQUE,2000,0.667
CANADIAN JOURNAL OF PUBLIC HEALTH-REVUE CANADIENNE DE SANTE PUBLIQUE,2001,0.512
CANADIAN JOURNAL OF PUBLIC HEALTH-REVUE CANADIENNE DE SANTE PUBLIQUE,2002,0.602
CANADIAN JOURNAL OF PUBLIC HEALTH-REVUE CANADIENNE DE SANTE PUBLIQUE,2003,0.624
CANADIAN JOURNAL OF PUBLIC HEALTH-REVUE CANADIENNE DE SANTE PUBLIQUE,2004,0.566
CANADIAN JOURNAL OF PUBLIC HEALTH-REVUE CANADIENNE DE SANTE PUBLIQUE,2005,0.976
CANADIAN JOURNAL OF PUBLIC HEALTH-REVUE CANADIENNE DE SANTE PUBLIQUE,2006,1.157
CANADIAN JOURNAL OF PUBLIC HEALTH-REVUE CANADIENNE DE SANTE PUBLIQUE,2007,1.261
CANADIAN JOURNAL OF PUBLIC HEALTH-REVUE CANADIENNE DE SANTE PUBLIQUE,2008,1.005
CANADIAN JOURNAL OF PUBLIC HEALTH-REVUE CANADIENNE DE SANTE PUBLIQUE,2009,1.349
CANADIAN JOURNAL OF PUBLIC HEALTH-REVUE CANADIENNE DE SANTE PUBLIQUE,2010,1.385
CANADIAN JOURNAL OF PUBLIC HEALTH-REVUE CANADIENNE DE SANTE PUBLIQUE,2011,1.021
CANADIAN JOURNAL OF PUBLIC HEALTH-REVUE CANADIENNE DE SANTE PUBLIQUE,2012,1.399
CANADIAN JOURNAL OF PUBLIC HEALTH-REVUE CANADIENNE DE SANTE PUBLIQUE,2013,1.094
CANADIAN JOURNAL OF PUBLIC HEALTH-REVUE CANADIENNE DE SANTE PUBLIQUE,2014,1.293
CANADIAN JOURNAL OF PUBLIC HEALTH-REVUE CANADIENNE DE SANTE PUBLIQUE,2015,1.466
CANADIAN JOURNAL OF PUBLIC HEALTH-REVUE CANADIENNE DE SANTE PUBLIQUE,2016,1.343
CANADIAN JOURNAL OF PUBLIC HEALTH-REVUE CANADIENNE DE SANTE PUBLIQUE,2017,1.488
CANADIAN JOURNAL OF PUBLIC HEALTH-REVUE CANADIENNE DE SANTE PUBLIQUE,2018,1.248
CANADIAN JOURNAL OF PUBLIC HEALTH-REVUE CANADIENNE DE SANTE PUBLIQUE,2019,1.638
CANADIAN JOURNAL OF PUBLIC HEALTH-REVUE CANADIENNE DE SANTE PUBLIQUE,2020,2.448
CANADIAN JOURNAL OF PUBLIC HEALTH-REVUE CANADIENNE DE SANTE PUBLIQUE,2021,4.645
CANADIAN JOURNAL OF PUBLIC HEALTH-REVUE CANADIENNE DE SANTE PUBLIQUE,2022,4.3
CANADIAN JOURNAL OF PUBLIC HEALTH-REVUE CANADIENNE DE SANTE PUBLIQUE,2023,2.9
CANADIAN JOURNAL OF ZOOLOGY,1997,0.975
CANADIAN JOURNAL OF ZOOLOGY,1998,1.052
CANADIAN JOURNAL OF ZOOLOGY,1999,1.015
CANADIAN JOURNAL OF ZOOLOGY,2000,0.779
CANADIAN JOURNAL OF ZOOLOGY,2001,1.168
CANADIAN JOURNAL OF ZOOLOGY,2002,1.175
CANADIAN JOURNAL OF ZOOLOGY,2003,1.115
CANADIAN JOURNAL OF ZOOLOGY,2004,1.063
CANADIAN JOURNAL OF ZOOLOGY,2005,1.175
CANADIAN JOURNAL OF ZOOLOGY,2006,1.393
CANADIAN JOURNAL OF ZOOLOGY,2007,1.493
CANADIAN JOURNAL OF ZOOLOGY,2008,1.38
CANADIAN JOURNAL OF ZOOLOGY,2009,1.254
CANADIAN JOURNAL OF ZOOLOGY,2010,1.196
CANADIAN JOURNAL OF ZOOLOGY,2011,1.205
CANADIAN JOURNAL OF ZOOLOGY,2012,1.498
CANADIAN JOURNAL OF ZOOLOGY,2013,1.346
CANADIAN JOURNAL OF ZOOLOGY,2014,1.303
CANADIAN JOURNAL OF ZOOLOGY,2015,1.52
CANADIAN JOURNAL OF ZOOLOGY,2016,1.347
CANADIAN JOURNAL OF ZOOLOGY,2017,1.184
CANADIAN JOURNAL OF ZOOLOGY,2018,1.311
CANADIAN JOURNAL OF ZOOLOGY,2019,1.243
CANADIAN JOURNAL OF ZOOLOGY,2020,1.597
CANADIAN JOURNAL OF ZOOLOGY,2021,1.654
CANADIAN JOURNAL OF ZOOLOGY,2022,1.4
CANADIAN JOURNAL OF ZOOLOGY,2023,1
CANADIAN JOURNAL OF ZOOLOGY-REVUE CANADIENNE DE ZOOLOGIE,1997,0.975
CANADIAN JOURNAL OF ZOOLOGY-REVUE CANADIENNE DE ZOOLOGIE,1998,1.052
CANADIAN JOURNAL OF ZOOLOGY-REVUE CANADIENNE DE ZOOLOGIE,1999,1.015
CANADIAN JOURNAL OF ZOOLOGY-REVUE CANADIENNE DE ZOOLOGIE,2000,0.779
CANADIAN JOURNAL OF ZOOLOGY-REVUE CANADIENNE DE ZOOLOGIE,2001,1.168
CANADIAN JOURNAL OF ZOOLOGY-REVUE CANADIENNE DE ZOOLOGIE,2002,1.175
CANADIAN JOURNAL OF ZOOLOGY-REVUE CANADIENNE DE ZOOLOGIE,2003,1.115
CANADIAN JOURNAL OF ZOOLOGY-REVUE CANADIENNE DE ZOOLOGIE,2004,1.063
CANADIAN JOURNAL OF ZOOLOGY-REVUE CANADIENNE DE ZOOLOGIE,2005,1.175
CANADIAN JOURNAL OF ZOOLOGY-REVUE CANADIENNE DE ZOOLOGIE,2006,1.393
CANADIAN JOURNAL OF ZOOLOGY-REVUE CANADIENNE DE ZOOLOGIE,2007,1.493
CANADIAN JOURNAL OF ZOOLOGY-REVUE CANADIENNE DE ZOOLOGIE,2008,1.38
CANADIAN JOURNAL OF ZOOLOGY-REVUE CANADIENNE DE ZOOLOGIE,2009,1.254
CANADIAN JOURNAL OF ZOOLOGY-REVUE CANADIENNE DE ZOOLOGIE,2010,1.196
CANADIAN JOURNAL OF ZOOLOGY-REVUE CANADIENNE DE ZOOLOGIE,2011,1.205
CANADIAN JOURNAL OF ZOOLOGY-REVUE CANADIENNE DE ZOOLOGIE,2012,1.498
CANADIAN JOURNAL OF ZOOLOGY-REVUE CANADIENNE DE ZOOLOGIE,2013,1.346
CANADIAN JOURNAL OF ZOOLOGY-REVUE CANADIENNE DE ZOOLOGIE,2014,1.303
CANADIAN JOURNAL OF ZOOLOGY-REVUE CANADIENNE DE ZOOLOGIE,2015,1.52
CANADIAN JOURNAL OF ZOOLOGY-REVUE CANADIENNE DE ZOOLOGIE,2016,1.347
CANADIAN JOURNAL OF ZOOLOGY-REVUE CANADIENNE DE ZOOLOGIE,2017,1.184
CANADIAN JOURNAL OF ZOOLOGY-REVUE CANADIENNE DE ZOOLOGIE,2018,1.311
CANADIAN JOURNAL OF ZOOLOGY-REVUE CANADIENNE DE ZOOLOGIE,2019,1.243
CANADIAN JOURNAL OF ZOOLOGY-REVUE CANADIENNE DE ZOOLOGIE,2020,1.597
CANADIAN JOURNAL OF ZOOLOGY-REVUE CANADIENNE DE ZOOLOGIE,2021,1.654
CANADIAN JOURNAL OF ZOOLOGY-REVUE CANADIENNE DE ZOOLOGIE,2022,1.4
CANADIAN JOURNAL OF ZOOLOGY-REVUE CANADIENNE DE ZOOLOGIE,2023,1
CANADIAN VETERINARY JOURNAL-REVUE VETERINAIRE CANADIENNE,1997,0.441
CANADIAN VETERINARY JOURNAL-REVUE VETERINAIRE CANADIENNE,1998,0.401
CANADIAN VETERINARY JOURNAL-REVUE VETERINAIRE CANADIENNE,1999,0.798
CANADIAN VETERINARY JOURNAL-REVUE VETERINAIRE CANADIENNE,2000,0.732
CANADIAN VETERINARY JOURNAL-REVUE VETERINAIRE CANADIENNE,2001,0.464
CANADIAN VETERINARY JOURNAL-REVUE VETERINAIRE CANADIENNE,2002,0.742
CANADIAN VETERINARY JOURNAL-REVUE VETERINAIRE CANADIENNE,2003,0.472
CANADIAN VETERINARY JOURNAL-REVUE VETERINAIRE CANADIENNE,2004,0.518
CANADIAN VETERINARY JOURNAL-REVUE VETERINAIRE CANADIENNE,2005,0.529
CANADIAN VETERINARY JOURNAL-REVUE VETERINAIRE CANADIENNE,2006,0.606
CANADIAN VETERINARY JOURNAL-REVUE VETERINAIRE CANADIENNE,2007,0.866
CANADIAN VETERINARY JOURNAL-REVUE VETERINAIRE CANADIENNE,2008,0.855
CANADIAN VETERINARY JOURNAL-REVUE VETERINAIRE CANADIENNE,2009,0.882
CANADIAN VETERINARY JOURNAL-REVUE VETERINAIRE CANADIENNE,2010,0.984
CANADIAN VETERINARY JOURNAL-REVUE VETERINAIRE CANADIENNE,2011,1.063
CANADIAN VETERINARY JOURNAL-REVUE VETERINAIRE CANADIENNE,2012,0.767
CANADIAN VETERINARY JOURNAL-REVUE VETERINAIRE CANADIENNE,2013,0.474
CANADIAN VETERINARY JOURNAL-REVUE VETERINAIRE CANADIENNE,2014,0.516
CANADIAN VETERINARY JOURNAL-REVUE VETERINAIRE CANADIENNE,2015,0.639
CANADIAN VETERINARY JOURNAL-REVUE VETERINAIRE CANADIENNE,2016,0.518
CANADIAN VETERINARY JOURNAL-REVUE VETERINAIRE CANADIENNE,2017,0.558
CANADIAN VETERINARY JOURNAL-REVUE VETERINAIRE CANADIENNE,2018,0.532
CANADIAN VETERINARY JOURNAL-REVUE VETERINAIRE CANADIENNE,2019,0.627
CANADIAN VETERINARY JOURNAL-REVUE VETERINAIRE CANADIENNE,2020,1.008
CANADIAN VETERINARY JOURNAL-REVUE VETERINAIRE CANADIENNE,2021,1.075
CANADIAN VETERINARY JOURNAL-REVUE VETERINAIRE CANADIENNE,2022,1
CANADIAN VETERINARY JOURNAL-REVUE VETERINAIRE CANADIENNE,2023,0.9
COLONIAL WATERBIRDS,1997,0.724
COLONIAL WATERBIRDS,1998,0.348
COLONIAL WATERBIRDS,1999,0.341
COLONIAL WATERBIRDS,2000,0.5
CONDOR,1997,1
CONDOR,1998,0.927
CONDOR,1999,1.222
CONDOR,2000,1.207
CONDOR,2001,1.104
CONDOR,2002,1.433
CONDOR,2003,1.225
CONDOR,2004,1.433
CONDOR,2005,1.337
CONDOR,2006,1.604
CONDOR,2007,1.448
CONDOR,2008,1.448
CONDOR,2009,1.451
CONDOR,2010,1.29
CONDOR,2011,1.118
CONDOR,2012,1.37
CONDOR,2013,1.347
CONDOR,2014,1
CONDOR,2015,1.427
CONDOR,2016,2.654
CONDOR,2017,2.722
CONDOR,2018,2.804
CONDOR,2019,2.628
CONDOR,2020,2.135
CONDOR,2021,3.052
CONDOR,2022,3.1
CONSERVATION BIOLOGY,1997,1.832
CONSERVATION BIOLOGY,1998,2.163
CONSERVATION BIOLOGY,1999,3.24
CONSERVATION BIOLOGY,2000,2.814
CONSERVATION BIOLOGY,2001,2.783
CONSERVATION BIOLOGY,2002,2.663
CONSERVATION BIOLOGY,2003,3.279
CONSERVATION BIOLOGY,2004,3.672
CONSERVATION BIOLOGY,2005,4.11
CONSERVATION BIOLOGY,2006,3.762
CONSERVATION BIOLOGY,2007,3.934
CONSERVATION BIOLOGY,2008,4.705
CONSERVATION BIOLOGY,2009,4.666
CONSERVATION BIOLOGY,2010,4.894
CONSERVATION BIOLOGY,2011,4.692
CONSERVATION BIOLOGY,2012,4.355
CONSERVATION BIOLOGY,2013,4.32
CONSERVATION BIOLOGY,2014,4.165
CONSERVATION BIOLOGY,2015,4.267
CONSERVATION BIOLOGY,2016,4.842
CONSERVATION BIOLOGY,2017,5.89
CONSERVATION BIOLOGY,2018,6.194
CONSERVATION BIOLOGY,2019,5.405
CONSERVATION BIOLOGY,2020,6.56
CONSERVATION BIOLOGY,2021,7.563
CONSERVATION BIOLOGY,2022,6.3
CONSERVATION BIOLOGY,2023,5.2
CONSERVATION ECOLOGY,2002,3.88
CONSERVATION ECOLOGY,2003,2.101
CONSERVATION ECOLOGY,2004,1.72
CONSERVATION ECOLOGY,2005,2.667
CONSERVATION SCIENCE AND PRACTICE,2020,3.233
CONSERVATION SCIENCE AND PRACTICE,2021,3.574
CONSERVATION SCIENCE AND PRACTICE,2022,3.1
CONSERVATION SCIENCE AND PRACTICE,2023,2.8
DIVERSITY AND DISTRIBUTIONS,2004,2.109
DIVERSITY AND DISTRIBUTIONS,2005,3.345
DIVERSITY AND DISTRIBUTIONS,2006,3.441
DIVERSITY AND DISTRIBUTIONS,2007,2.965
DIVERSITY AND DISTRIBUTIONS,2008,3.446
DIVERSITY AND DISTRIBUTIONS,2009,4.224
DIVERSITY AND DISTRIBUTIONS,2010,4.248
DIVERSITY AND DISTRIBUTIONS,2011,4.83
DIVERSITY AND DISTRIBUTIONS,2012,6.122
DIVERSITY AND DISTRIBUTIONS,2013,5.469
DIVERSITY AND DISTRIBUTIONS,2014,3.667
DIVERSITY AND DISTRIBUTIONS,2015,4.566
DIVERSITY AND DISTRIBUTIONS,2016,4.391
DIVERSITY AND DISTRIBUTIONS,2017,4.614
DIVERSITY AND DISTRIBUTIONS,2018,4.092
DIVERSITY AND DISTRIBUTIONS,2019,3.993
DIVERSITY AND DISTRIBUTIONS,2020,5.139
DIVERSITY AND DISTRIBUTIONS,2021,5.717
DIVERSITY AND DISTRIBUTIONS,2022,4.6
DIVERSITY AND DISTRIBUTIONS,2023,4.6
ECOGRAPHY,1997,1.228
ECOGRAPHY,1998,1.371
ECOGRAPHY,1999,1.209
ECOGRAPHY,2000,1.683
ECOGRAPHY,2001,2.078
ECOGRAPHY,2002,2.119
ECOGRAPHY,2003,1.676
ECOGRAPHY,2004,2.841
ECOGRAPHY,2005,2.703
ECOGRAPHY,2006,3.34
ECOGRAPHY,2007,3.066
ECOGRAPHY,2008,4.099
ECOGRAPHY,2009,4.385
ECOGRAPHY,2010,4.417
ECOGRAPHY,2011,4.188
ECOGRAPHY,2012,5.124
ECOGRAPHY,2013,4.207
ECOGRAPHY,2014,4.774
ECOGRAPHY,2015,5.355
ECOGRAPHY,2016,4.902
ECOGRAPHY,2017,4.52
ECOGRAPHY,2018,5.946
ECOGRAPHY,2019,6.455
ECOGRAPHY,2020,5.994
ECOGRAPHY,2021,6.802
ECOGRAPHY,2022,5.9
ECOGRAPHY,2023,5.4
ECOLOGICAL APPLICATIONS,1997,2.18
ECOLOGICAL APPLICATIONS,1998,2.482
ECOLOGICAL APPLICATIONS,1999,2.784
ECOLOGICAL APPLICATIONS,2000,3.488
ECOLOGICAL APPLICATIONS,2001,3.335
ECOLOGICAL APPLICATIONS,2002,3.025
ECOLOGICAL APPLICATIONS,2003,2.852
ECOLOGICAL APPLICATIONS,2004,3.287
ECOLOGICAL APPLICATIONS,2005,3.804
ECOLOGICAL APPLICATIONS,2006,3.47
ECOLOGICAL APPLICATIONS,2007,3.571
ECOLOGICAL APPLICATIONS,2008,3.628
ECOLOGICAL APPLICATIONS,2009,3.672
ECOLOGICAL APPLICATIONS,2010,4.276
ECOLOGICAL APPLICATIONS,2011,5.102
ECOLOGICAL APPLICATIONS,2012,3.815
ECOLOGICAL APPLICATIONS,2013,4.126
ECOLOGICAL APPLICATIONS,2014,4.093
ECOLOGICAL APPLICATIONS,2015,4.252
ECOLOGICAL APPLICATIONS,2016,4.314
ECOLOGICAL APPLICATIONS,2017,4.393
ECOLOGICAL APPLICATIONS,2018,4.378
ECOLOGICAL APPLICATIONS,2019,4.248
ECOLOGICAL APPLICATIONS,2020,4.657
ECOLOGICAL APPLICATIONS,2021,6.105
ECOLOGICAL APPLICATIONS,2022,5
ECOLOGICAL APPLICATIONS,2023,4.3
ECOLOGICAL INDICATORS,2006,1.14
ECOLOGICAL INDICATORS,2007,1.576
ECOLOGICAL INDICATORS,2008,1.984
ECOLOGICAL INDICATORS,2009,3.102
ECOLOGICAL INDICATORS,2010,2.967
ECOLOGICAL INDICATORS,2011,2.695
ECOLOGICAL INDICATORS,2012,2.89
ECOLOGICAL INDICATORS,2013,3.23
ECOLOGICAL INDICATORS,2014,3.444
ECOLOGICAL INDICATORS,2015,3.19
ECOLOGICAL INDICATORS,2016,3.898
ECOLOGICAL INDICATORS,2017,3.983
ECOLOGICAL INDICATORS,2018,4.49
ECOLOGICAL INDICATORS,2019,4.229
ECOLOGICAL INDICATORS,2020,4.958
ECOLOGICAL INDICATORS,2021,6.263
ECOLOGICAL INDICATORS,2022,6.9
ECOLOGICAL INDICATORS,2023,7
ECOLOGY,1997,3.139
ECOLOGY,1998,3.46
ECOLOGY,1999,3.573
ECOLOGY,2000,3.65
ECOLOGY,2001,3.704
ECOLOGY,2002,3.918
ECOLOGY,2003,3.701
ECOLOGY,2004,4.104
ECOLOGY,2005,4.506
ECOLOGY,2006,4.782
ECOLOGY,2007,4.822
ECOLOGY,2008,4.874
ECOLOGY,2009,4.411
ECOLOGY,2010,5.073
ECOLOGY,2011,4.849
ECOLOGY,2012,5.175
ECOLOGY,2013,5
ECOLOGY,2014,4.656
ECOLOGY,2015,4.733
ECOLOGY,2016,4.809
ECOLOGY,2017,4.617
ECOLOGY,2018,4.285
ECOLOGY,2019,4.7
ECOLOGY,2020,5.499
ECOLOGY,2021,6.433
ECOLOGY,2022,4.8
ECOLOGY,2023,4.4
ECOLOGY AND EVOLUTION,2012,1.184
ECOLOGY AND EVOLUTION,2013,1.658
ECOLOGY AND EVOLUTION,2014,2.32
ECOLOGY AND EVOLUTION,2015,2.537
ECOLOGY AND EVOLUTION,2016,2.44
ECOLOGY AND EVOLUTION,2017,2.34
ECOLOGY AND EVOLUTION,2018,2.415
ECOLOGY AND EVOLUTION,2019,2.392
ECOLOGY AND EVOLUTION,2020,2.881
ECOLOGY AND EVOLUTION,2021,3.167
ECOLOGY AND EVOLUTION,2022,2.6
ECOLOGY AND EVOLUTION,2023,2.3
ECOLOGY AND SOCIETY,2005,1.69
ECOLOGY AND SOCIETY,2006,3.204
ECOLOGY AND SOCIETY,2007,2.215
ECOLOGY AND SOCIETY,2008,2.855
ECOLOGY AND SOCIETY,2009,1.735
ECOLOGY AND SOCIETY,2010,3.31
ECOLOGY AND SOCIETY,2011,2.516
ECOLOGY AND SOCIETY,2012,2.831
ECOLOGY AND SOCIETY,2013,2.669
ECOLOGY AND SOCIETY,2014,2.774
ECOLOGY AND SOCIETY,2015,2.89
ECOLOGY AND SOCIETY,2016,2.842
ECOLOGY AND SOCIETY,2017,3.256
ECOLOGY AND SOCIETY,2018,4.136
ECOLOGY AND SOCIETY,2019,3.89
ECOLOGY AND SOCIETY,2020,4.403
ECOLOGY AND SOCIETY,2021,4.653
ECOLOGY AND SOCIETY,2022,4.1
ECOLOGY AND SOCIETY,2023,3.6
ECOSCIENCE,1997,0.917
ECOSCIENCE,1998,1.095
ECOSCIENCE,1999,1.04
ECOSCIENCE,2000,1.349
ECOSCIENCE,2001,1.181
ECOSCIENCE,2002,1.067
ECOSCIENCE,2003,1.033
ECOSCIENCE,2004,1.175
ECOSCIENCE,2005,1.261
ECOSCIENCE,2006,1.174
ECOSCIENCE,2007,1.333
ECOSCIENCE,2008,1.467
ECOSCIENCE,2009,1.117
ECOSCIENCE,2010,1.589
ECOSCIENCE,2011,1.277
ECOSCIENCE,2012,1.354
ECOSCIENCE,2013,1.013
ECOSCIENCE,2014,0.975
ECOSCIENCE,2015,0.595
ECOSCIENCE,2016,0.688
ECOSCIENCE,2017,0.696
ECOSCIENCE,2018,0.625
ECOSCIENCE,2019,1.25
ECOSCIENCE,2020,1.95
ECOSCIENCE,2021,1.344
ECOSCIENCE,2022,1.3
ECOSCIENCE,2023,1.3
ECOSPHERE,2013,2.595
ECOSPHERE,2014,2.255
ECOSPHERE,2015,2.287
ECOSPHERE,2016,2.49
ECOSPHERE,2017,2.671
ECOSPHERE,2018,2.746
ECOSPHERE,2019,2.878
ECOSPHERE,2020,3.171
ECOSPHERE,2021,3.593
ECOSPHERE,2022,2.7
ECOSPHERE,2023,2.7
ENDANGERED SPECIES RESEARCH,2015,1.325
ENDANGERED SPECIES RESEARCH,2016,1.682
ENDANGERED SPECIES RESEARCH,2017,2.312
ENDANGERED SPECIES RESEARCH,2018,2.122
ENDANGERED SPECIES RESEARCH,2019,2.258
ENDANGERED SPECIES RESEARCH,2020,2.029
ENDANGERED SPECIES RESEARCH,2021,3.161
ENDANGERED SPECIES RESEARCH,2022,3.1
ENDANGERED SPECIES RESEARCH,2023,2.6
ENVIRONMENTAL & RESOURCE ECONOMICS,2000,0.554
ENVIRONMENTAL & RESOURCE ECONOMICS,2001,0.302
ENVIRONMENTAL & RESOURCE ECONOMICS,2002,0.39
ENVIRONMENTAL & RESOURCE ECONOMICS,2003,0.702
ENVIRONMENTAL & RESOURCE ECONOMICS,2004,0.616
ENVIRONMENTAL & RESOURCE ECONOMICS,2005,0.49
ENVIRONMENTAL & RESOURCE ECONOMICS,2006,0.862
ENVIRONMENTAL & RESOURCE ECONOMICS,2007,1.237
ENVIRONMENTAL & RESOURCE ECONOMICS,2008,1.079
ENVIRONMENTAL & RESOURCE ECONOMICS,2009,1.314
ENVIRONMENTAL & RESOURCE ECONOMICS,2010,1.297
ENVIRONMENTAL & RESOURCE ECONOMICS,2011,1.523
ENVIRONMENTAL & RESOURCE ECONOMICS,2012,1.795
ENVIRONMENTAL & RESOURCE ECONOMICS,2013,1.703
ENVIRONMENTAL & RESOURCE ECONOMICS,2014,1.426
ENVIRONMENTAL & RESOURCE ECONOMICS,2015,1.667
ENVIRONMENTAL & RESOURCE ECONOMICS,2016,1.582
ENVIRONMENTAL & RESOURCE ECONOMICS,2017,1.961
ENVIRONMENTAL & RESOURCE ECONOMICS,2018,2.154
ENVIRONMENTAL & RESOURCE ECONOMICS,2019,2.286
ENVIRONMENTAL & RESOURCE ECONOMICS,2020,2.181
ENVIRONMENTAL & RESOURCE ECONOMICS,2021,4.955
ENVIRONMENTAL & RESOURCE ECONOMICS,2022,5.9
ENVIRONMENTAL & RESOURCE ECONOMICS,2023,3.2
ENVIRONMENTAL MONITORING AND ASSESSMENT,1997,0.519
ENVIRONMENTAL MONITORING AND ASSESSMENT,1998,0.498
ENVIRONMENTAL MONITORING AND ASSESSMENT,1999,0.485
ENVIRONMENTAL MONITORING AND ASSESSMENT,2000,0.839
ENVIRONMENTAL MONITORING AND ASSESSMENT,2001,0.388
ENVIRONMENTAL MONITORING AND ASSESSMENT,2002,0.503
ENVIRONMENTAL MONITORING AND ASSESSMENT,2003,0.651
ENVIRONMENTAL MONITORING AND ASSESSMENT,2004,0.608
ENVIRONMENTAL MONITORING AND ASSESSMENT,2005,0.687
ENVIRONMENTAL MONITORING AND ASSESSMENT,2006,0.793
ENVIRONMENTAL MONITORING AND ASSESSMENT,2007,0.885
ENVIRONMENTAL MONITORING AND ASSESSMENT,2008,1.035
ENVIRONMENTAL MONITORING AND ASSESSMENT,2009,1.356
ENVIRONMENTAL MONITORING AND ASSESSMENT,2010,1.436
ENVIRONMENTAL MONITORING AND ASSESSMENT,2011,1.4
ENVIRONMENTAL MONITORING AND ASSESSMENT,2012,1.592
ENVIRONMENTAL MONITORING AND ASSESSMENT,2013,1.679
ENVIRONMENTAL MONITORING AND ASSESSMENT,2014,1.679
ENVIRONMENTAL MONITORING AND ASSESSMENT,2015,1.633
ENVIRONMENTAL MONITORING AND ASSESSMENT,2016,1.687
ENVIRONMENTAL MONITORING AND ASSESSMENT,2017,1.804
ENVIRONMENTAL MONITORING AND ASSESSMENT,2018,1.959
ENVIRONMENTAL MONITORING AND ASSESSMENT,2019,1.903
ENVIRONMENTAL MONITORING AND ASSESSMENT,2020,2.513
ENVIRONMENTAL MONITORING AND ASSESSMENT,2021,3.307
ENVIRONMENTAL MONITORING AND ASSESSMENT,2022,3
ENVIRONMENTAL MONITORING AND ASSESSMENT,2023,2.9
FORESTRY CHRONICLE,1997,0.391
FORESTRY CHRONICLE,1998,0.533
FORESTRY CHRONICLE,1999,0.687
FORESTRY CHRONICLE,2000,0.417
FORESTRY CHRONICLE,2001,0.402
FORESTRY CHRONICLE,2002,0.497
FORESTRY CHRONICLE,2003,0.529
FORESTRY CHRONICLE,2004,0.416
FORESTRY CHRONICLE,2005,0.728
FORESTRY CHRONICLE,2006,0.831
FORESTRY CHRONICLE,2007,0.84
FORESTRY CHRONICLE,2008,0.737
FORESTRY CHRONICLE,2009,0.609
FORESTRY CHRONICLE,2010,0.676
FORESTRY CHRONICLE,2011,0.868
FORESTRY CHRONICLE,2012,0.866
FORESTRY CHRONICLE,2013,0.67
FORESTRY CHRONICLE,2014,0.646
FORESTRY CHRONICLE,2015,0.838
FORESTRY CHRONICLE,2016,0.658
FORESTRY CHRONICLE,2017,0.448
FORESTRY CHRONICLE,2018,0.8
FORESTRY CHRONICLE,2019,1.098
FORESTRY CHRONICLE,2020,0.811
FORESTRY CHRONICLE,2021,1.167
FORESTRY CHRONICLE,2022,0.6
FORESTRY CHRONICLE,2023,1.2
FRONTIERS IN ECOLOGY AND EVOLUTION,2018,2.686
FRONTIERS IN ECOLOGY AND EVOLUTION,2019,2.416
FRONTIERS IN ECOLOGY AND EVOLUTION,2020,4.171
FRONTIERS IN ECOLOGY AND EVOLUTION,2021,4.496
FRONTIERS IN ECOLOGY AND EVOLUTION,2022,3
FRONTIERS IN ECOLOGY AND EVOLUTION,2023,2.4
GLOBAL CHANGE BIOLOGY,2000,3.775
GLOBAL CHANGE BIOLOGY,2001,3.537
GLOBAL CHANGE BIOLOGY,2002,3.398
GLOBAL CHANGE BIOLOGY,2003,4.152
GLOBAL CHANGE BIOLOGY,2004,4.333
GLOBAL CHANGE BIOLOGY,2005,4.075
GLOBAL CHANGE BIOLOGY,2006,4.339
GLOBAL CHANGE BIOLOGY,2007,4.786
GLOBAL CHANGE BIOLOGY,2008,5.876
GLOBAL CHANGE BIOLOGY,2009,5.561
GLOBAL CHANGE BIOLOGY,2010,6.346
GLOBAL CHANGE BIOLOGY,2011,6.862
GLOBAL CHANGE BIOLOGY,2012,6.91
GLOBAL CHANGE BIOLOGY,2013,8.224
GLOBAL CHANGE BIOLOGY,2014,8.044
GLOBAL CHANGE BIOLOGY,2015,8.444
GLOBAL CHANGE BIOLOGY,2016,8.502
GLOBAL CHANGE BIOLOGY,2017,8.997
GLOBAL CHANGE BIOLOGY,2018,8.88
GLOBAL CHANGE BIOLOGY,2019,8.555
GLOBAL CHANGE BIOLOGY,2020,10.863
GLOBAL CHANGE BIOLOGY,2021,13.212
GLOBAL CHANGE BIOLOGY,2022,11.6
GLOBAL CHANGE BIOLOGY,2023,10.8
GLOBAL ECOLOGY AND BIOGEOGRAPHY,1997,0.517
GLOBAL ECOLOGY AND BIOGEOGRAPHY,1998,1
GLOBAL ECOLOGY AND BIOGEOGRAPHY,1999,0.987
GLOBAL ECOLOGY AND BIOGEOGRAPHY,2000,1.026
GLOBAL ECOLOGY AND BIOGEOGRAPHY,2001,1.595
GLOBAL ECOLOGY AND BIOGEOGRAPHY,2002,1.7
GLOBAL ECOLOGY AND BIOGEOGRAPHY,2003,2.054
GLOBAL ECOLOGY AND BIOGEOGRAPHY,2004,3.242
GLOBAL ECOLOGY AND BIOGEOGRAPHY,2005,3.576
GLOBAL ECOLOGY AND BIOGEOGRAPHY,2006,3.314
GLOBAL ECOLOGY AND BIOGEOGRAPHY,2007,4.435
GLOBAL ECOLOGY AND BIOGEOGRAPHY,2008,5.304
GLOBAL ECOLOGY AND BIOGEOGRAPHY,2009,5.913
GLOBAL ECOLOGY AND BIOGEOGRAPHY,2010,5.273
GLOBAL ECOLOGY AND BIOGEOGRAPHY,2011,5.145
GLOBAL ECOLOGY AND BIOGEOGRAPHY,2012,7.223
GLOBAL ECOLOGY AND BIOGEOGRAPHY,2013,7.242
GLOBAL ECOLOGY AND BIOGEOGRAPHY,2014,6.531
GLOBAL ECOLOGY AND BIOGEOGRAPHY,2015,5.84
GLOBAL ECOLOGY AND BIOGEOGRAPHY,2016,6.045
GLOBAL ECOLOGY AND BIOGEOGRAPHY,2017,5.958
GLOBAL ECOLOGY AND BIOGEOGRAPHY,2018,5.667
GLOBAL ECOLOGY AND BIOGEOGRAPHY,2019,6.446
GLOBAL ECOLOGY AND BIOGEOGRAPHY,2020,7.148
GLOBAL ECOLOGY AND BIOGEOGRAPHY,2021,6.909
GLOBAL ECOLOGY AND BIOGEOGRAPHY,2022,6.4
GLOBAL ECOLOGY AND BIOGEOGRAPHY,2023,6.3
GLOBAL ECOLOGY AND CONSERVATION,2017,2.174
GLOBAL ECOLOGY AND CONSERVATION,2018,2.751
GLOBAL ECOLOGY AND CONSERVATION,2019,2.526
GLOBAL ECOLOGY AND CONSERVATION,2020,3.38
GLOBAL ECOLOGY AND CONSERVATION,2021,3.97
GLOBAL ECOLOGY AND CONSERVATION,2022,4
GLOBAL ECOLOGY AND CONSERVATION,2023,3.5
HUMAN-WILDLIFE INTERACTIONS,2016,0.704
HUMAN-WILDLIFE INTERACTIONS,2017,0.717
HUMAN-WILDLIFE INTERACTIONS,2018,1.115
HUMAN-WILDLIFE INTERACTIONS,2019,0.897
HUMAN-WILDLIFE INTERACTIONS,2020,2.119
HUMAN-WILDLIFE INTERACTIONS,2021,1.603
HUMAN-WILDLIFE INTERACTIONS,2022,0.8
HUMAN-WILDLIFE INTERACTIONS,2023,0.9
INFECTIOUS DISEASE MODELLING,2020,NA
INFECTIOUS DISEASE MODELLING,2021,NA
INFECTIOUS DISEASE MODELLING,2022,8.8
INFECTIOUS DISEASE MODELLING,2023,3
JOURNAL FOR NATURE CONSERVATION,2007,0.837
JOURNAL FOR NATURE CONSERVATION,2008,0.94
JOURNAL FOR NATURE CONSERVATION,2009,0.711
JOURNAL FOR NATURE CONSERVATION,2010,1.545
JOURNAL FOR NATURE CONSERVATION,2011,1.864
JOURNAL FOR NATURE CONSERVATION,2012,1.535
JOURNAL FOR NATURE CONSERVATION,2013,1.833
JOURNAL FOR NATURE CONSERVATION,2014,1.646
JOURNAL FOR NATURE CONSERVATION,2015,2.22
JOURNAL FOR NATURE CONSERVATION,2016,1.657
JOURNAL FOR NATURE CONSERVATION,2017,1.971
JOURNAL FOR NATURE CONSERVATION,2018,2.289
JOURNAL FOR NATURE CONSERVATION,2019,2.482
JOURNAL FOR NATURE CONSERVATION,2020,2.831
JOURNAL FOR NATURE CONSERVATION,2021,2.575
JOURNAL FOR NATURE CONSERVATION,2022,2
JOURNAL FOR NATURE CONSERVATION,2023,2.2
JOURNAL OF ANIMAL ECOLOGY,1997,2.801
JOURNAL OF ANIMAL ECOLOGY,1998,3.192
JOURNAL OF ANIMAL ECOLOGY,1999,2.994
JOURNAL OF ANIMAL ECOLOGY,2000,2.862
JOURNAL OF ANIMAL ECOLOGY,2001,3.312
JOURNAL OF ANIMAL ECOLOGY,2002,2.905
JOURNAL OF ANIMAL ECOLOGY,2003,2.843
JOURNAL OF ANIMAL ECOLOGY,2004,3.342
JOURNAL OF ANIMAL ECOLOGY,2005,3.399
JOURNAL OF ANIMAL ECOLOGY,2006,3.39
JOURNAL OF ANIMAL ECOLOGY,2007,3.747
JOURNAL OF ANIMAL ECOLOGY,2008,4.22
JOURNAL OF ANIMAL ECOLOGY,2009,3.714
JOURNAL OF ANIMAL ECOLOGY,2010,4.457
JOURNAL OF ANIMAL ECOLOGY,2011,4.937
JOURNAL OF ANIMAL ECOLOGY,2012,4.841
JOURNAL OF ANIMAL ECOLOGY,2013,4.726
JOURNAL OF ANIMAL ECOLOGY,2014,4.504
JOURNAL OF ANIMAL ECOLOGY,2015,4.827
JOURNAL OF ANIMAL ECOLOGY,2016,4.474
JOURNAL OF ANIMAL ECOLOGY,2017,4.459
JOURNAL OF ANIMAL ECOLOGY,2018,4.364
JOURNAL OF ANIMAL ECOLOGY,2019,4.554
JOURNAL OF ANIMAL ECOLOGY,2020,5.091
JOURNAL OF ANIMAL ECOLOGY,2021,5.608
JOURNAL OF ANIMAL ECOLOGY,2022,4.8
JOURNAL OF ANIMAL ECOLOGY,2023,3.5
JOURNAL OF APPLIED ECOLOGY,1997,1.335
JOURNAL OF APPLIED ECOLOGY,1998,1.567
JOURNAL OF APPLIED ECOLOGY,1999,1.715
JOURNAL OF APPLIED ECOLOGY,2000,2.091
JOURNAL OF APPLIED ECOLOGY,2001,2.937
JOURNAL OF APPLIED ECOLOGY,2002,2.902
JOURNAL OF APPLIED ECOLOGY,2003,3.205
JOURNAL OF APPLIED ECOLOGY,2004,3.266
JOURNAL OF APPLIED ECOLOGY,2005,4.594
JOURNAL OF APPLIED ECOLOGY,2006,4.527
JOURNAL OF APPLIED ECOLOGY,2007,4.22
JOURNAL OF APPLIED ECOLOGY,2008,4.56
JOURNAL OF APPLIED ECOLOGY,2009,4.197
JOURNAL OF APPLIED ECOLOGY,2010,4.97
JOURNAL OF APPLIED ECOLOGY,2011,5.045
JOURNAL OF APPLIED ECOLOGY,2012,4.74
JOURNAL OF APPLIED ECOLOGY,2013,4.754
JOURNAL OF APPLIED ECOLOGY,2014,4.564
JOURNAL OF APPLIED ECOLOGY,2015,5.196
JOURNAL OF APPLIED ECOLOGY,2016,5.301
JOURNAL OF APPLIED ECOLOGY,2017,5.742
JOURNAL OF APPLIED ECOLOGY,2018,5.782
JOURNAL OF APPLIED ECOLOGY,2019,5.84
JOURNAL OF APPLIED ECOLOGY,2020,6.528
JOURNAL OF APPLIED ECOLOGY,2021,6.869
JOURNAL OF APPLIED ECOLOGY,2022,5.7
JOURNAL OF APPLIED ECOLOGY,2023,5
JOURNAL OF AVIAN BIOLOGY,1997,1.59
JOURNAL OF AVIAN BIOLOGY,1998,1.438
JOURNAL OF AVIAN BIOLOGY,1999,1.532
JOURNAL OF AVIAN BIOLOGY,2000,1.511
JOURNAL OF AVIAN BIOLOGY,2001,1.353
JOURNAL OF AVIAN BIOLOGY,2002,1.453
JOURNAL OF AVIAN BIOLOGY,2003,1.472
JOURNAL OF AVIAN BIOLOGY,2004,1.658
JOURNAL OF AVIAN BIOLOGY,2005,1.752
JOURNAL OF AVIAN BIOLOGY,2006,2.472
JOURNAL OF AVIAN BIOLOGY,2007,2.381
JOURNAL OF AVIAN BIOLOGY,2008,2.327
JOURNAL OF AVIAN BIOLOGY,2009,2.183
JOURNAL OF AVIAN BIOLOGY,2010,2.31
JOURNAL OF AVIAN BIOLOGY,2011,2.28
JOURNAL OF AVIAN BIOLOGY,2012,2.02
JOURNAL OF AVIAN BIOLOGY,2013,2.235
JOURNAL OF AVIAN BIOLOGY,2014,1.971
JOURNAL OF AVIAN BIOLOGY,2015,2.192
JOURNAL OF AVIAN BIOLOGY,2016,2.228
JOURNAL OF AVIAN BIOLOGY,2017,2.488
JOURNAL OF AVIAN BIOLOGY,2018,2.232
JOURNAL OF AVIAN BIOLOGY,2019,1.75
JOURNAL OF AVIAN BIOLOGY,2020,2.327
JOURNAL OF AVIAN BIOLOGY,2021,2.248
JOURNAL OF AVIAN BIOLOGY,2022,1.7
JOURNAL OF AVIAN BIOLOGY,2023,1.5
JOURNAL OF BIOGEOGRAPHY,1997,1.156
JOURNAL OF BIOGEOGRAPHY,1998,1.438
JOURNAL OF BIOGEOGRAPHY,1999,1.234
JOURNAL OF BIOGEOGRAPHY,2000,1.44
JOURNAL OF BIOGEOGRAPHY,2001,1.497
JOURNAL OF BIOGEOGRAPHY,2002,1.788
JOURNAL OF BIOGEOGRAPHY,2003,2.097
JOURNAL OF BIOGEOGRAPHY,2004,2.329
JOURNAL OF BIOGEOGRAPHY,2005,2.804
JOURNAL OF BIOGEOGRAPHY,2006,2.878
JOURNAL OF BIOGEOGRAPHY,2007,3.539
JOURNAL OF BIOGEOGRAPHY,2008,4.566
JOURNAL OF BIOGEOGRAPHY,2009,4.087
JOURNAL OF BIOGEOGRAPHY,2010,4.273
JOURNAL OF BIOGEOGRAPHY,2011,4.544
JOURNAL OF BIOGEOGRAPHY,2012,4.863
JOURNAL OF BIOGEOGRAPHY,2013,4.969
JOURNAL OF BIOGEOGRAPHY,2014,4.59
JOURNAL OF BIOGEOGRAPHY,2015,3.997
JOURNAL OF BIOGEOGRAPHY,2016,4.248
JOURNAL OF BIOGEOGRAPHY,2017,4.154
JOURNAL OF BIOGEOGRAPHY,2018,3.884
JOURNAL OF BIOGEOGRAPHY,2019,3.723
JOURNAL OF BIOGEOGRAPHY,2020,4.327
JOURNAL OF BIOGEOGRAPHY,2021,4.81
JOURNAL OF BIOGEOGRAPHY,2022,3.9
JOURNAL OF BIOGEOGRAPHY,2023,3.4
JOURNAL OF ENVIRONMENTAL MANAGEMENT,1997,0.348
JOURNAL OF ENVIRONMENTAL MANAGEMENT,1998,0.583
JOURNAL OF ENVIRONMENTAL MANAGEMENT,1999,0.488
JOURNAL OF ENVIRONMENTAL MANAGEMENT,2000,0.61
JOURNAL OF ENVIRONMENTAL MANAGEMENT,2001,0.672
JOURNAL OF ENVIRONMENTAL MANAGEMENT,2002,0.627
JOURNAL OF ENVIRONMENTAL MANAGEMENT,2003,0.624
JOURNAL OF ENVIRONMENTAL MANAGEMENT,2004,0.78
JOURNAL OF ENVIRONMENTAL MANAGEMENT,2005,1.163
JOURNAL OF ENVIRONMENTAL MANAGEMENT,2006,1.477
JOURNAL OF ENVIRONMENTAL MANAGEMENT,2007,1.446
JOURNAL OF ENVIRONMENTAL MANAGEMENT,2008,1.794
JOURNAL OF ENVIRONMENTAL MANAGEMENT,2009,2.367
JOURNAL OF ENVIRONMENTAL MANAGEMENT,2010,2.597
JOURNAL OF ENVIRONMENTAL MANAGEMENT,2011,3.245
JOURNAL OF ENVIRONMENTAL MANAGEMENT,2012,3.057
JOURNAL OF ENVIRONMENTAL MANAGEMENT,2013,3.188
JOURNAL OF ENVIRONMENTAL MANAGEMENT,2014,2.723
JOURNAL OF ENVIRONMENTAL MANAGEMENT,2015,3.131
JOURNAL OF ENVIRONMENTAL MANAGEMENT,2016,4.01
JOURNAL OF ENVIRONMENTAL MANAGEMENT,2017,4.005
JOURNAL OF ENVIRONMENTAL MANAGEMENT,2018,4.865
JOURNAL OF ENVIRONMENTAL MANAGEMENT,2019,5.647
JOURNAL OF ENVIRONMENTAL MANAGEMENT,2020,6.789
JOURNAL OF ENVIRONMENTAL MANAGEMENT,2021,8.91
JOURNAL OF ENVIRONMENTAL MANAGEMENT,2022,8.7
JOURNAL OF ENVIRONMENTAL MANAGEMENT,2023,8
JOURNAL OF FIELD ORNITHOLOGY,1997,0.477
JOURNAL OF FIELD ORNITHOLOGY,1998,0.537
JOURNAL OF FIELD ORNITHOLOGY,1999,0.525
JOURNAL OF FIELD ORNITHOLOGY,2000,0.609
JOURNAL OF FIELD ORNITHOLOGY,2001,0.602
JOURNAL OF FIELD ORNITHOLOGY,2002,0.473
JOURNAL OF FIELD ORNITHOLOGY,2003,0.652
JOURNAL OF FIELD ORNITHOLOGY,2004,0.509
JOURNAL OF FIELD ORNITHOLOGY,2005,0.6
JOURNAL OF FIELD ORNITHOLOGY,2006,0.66
JOURNAL OF FIELD ORNITHOLOGY,2007,0.737
JOURNAL OF FIELD ORNITHOLOGY,2008,0.991
JOURNAL OF FIELD ORNITHOLOGY,2009,0.86
JOURNAL OF FIELD ORNITHOLOGY,2010,0.849
JOURNAL OF FIELD ORNITHOLOGY,2011,1.196
JOURNAL OF FIELD ORNITHOLOGY,2012,1.101
JOURNAL OF FIELD ORNITHOLOGY,2013,1.202
JOURNAL OF FIELD ORNITHOLOGY,2014,0.988
JOURNAL OF FIELD ORNITHOLOGY,2015,1.514
JOURNAL OF FIELD ORNITHOLOGY,2016,1.5
JOURNAL OF FIELD ORNITHOLOGY,2017,1.394
JOURNAL OF FIELD ORNITHOLOGY,2018,1.846
JOURNAL OF FIELD ORNITHOLOGY,2019,1.266
JOURNAL OF FIELD ORNITHOLOGY,2020,1.554
JOURNAL OF FIELD ORNITHOLOGY,2021,1.327
JOURNAL OF FIELD ORNITHOLOGY,2022,0.9
JOURNAL OF FIELD ORNITHOLOGY,2023,0.7
JOURNAL OF FISH AND WILDLIFE MANAGEMENT,2012,0.796
JOURNAL OF FISH AND WILDLIFE MANAGEMENT,2013,0.949
JOURNAL OF FISH AND WILDLIFE MANAGEMENT,2014,0.757
JOURNAL OF FISH AND WILDLIFE MANAGEMENT,2015,0.795
JOURNAL OF FISH AND WILDLIFE MANAGEMENT,2016,0.633
JOURNAL OF FISH AND WILDLIFE MANAGEMENT,2017,0.598
JOURNAL OF FISH AND WILDLIFE MANAGEMENT,2018,0.981
JOURNAL OF FISH AND WILDLIFE MANAGEMENT,2019,0.813
JOURNAL OF FISH AND WILDLIFE MANAGEMENT,2020,0.784
JOURNAL OF FISH AND WILDLIFE MANAGEMENT,2021,0.797
JOURNAL OF FISH AND WILDLIFE MANAGEMENT,2022,0.7
JOURNAL OF FISH AND WILDLIFE MANAGEMENT,2023,0.9
JOURNAL OF GREAT LAKES RESEARCH,1997,0.694
JOURNAL OF GREAT LAKES RESEARCH,1998,1.402
JOURNAL OF GREAT LAKES RESEARCH,1999,0.53
JOURNAL OF GREAT LAKES RESEARCH,2000,0.887
JOURNAL OF GREAT LAKES RESEARCH,2001,0.913
JOURNAL OF GREAT LAKES RESEARCH,2002,1.302
JOURNAL OF GREAT LAKES RESEARCH,2003,1.172
JOURNAL OF GREAT LAKES RESEARCH,2004,0.645
JOURNAL OF GREAT LAKES RESEARCH,2005,1.023
JOURNAL OF GREAT LAKES RESEARCH,2006,1
JOURNAL OF GREAT LAKES RESEARCH,2007,1.18
JOURNAL OF GREAT LAKES RESEARCH,2008,1.393
JOURNAL OF GREAT LAKES RESEARCH,2009,1.403
JOURNAL OF GREAT LAKES RESEARCH,2010,1.305
JOURNAL OF GREAT LAKES RESEARCH,2011,1.521
JOURNAL OF GREAT LAKES RESEARCH,2012,2.309
JOURNAL OF GREAT LAKES RESEARCH,2013,1.771
JOURNAL OF GREAT LAKES RESEARCH,2014,1.748
JOURNAL OF GREAT LAKES RESEARCH,2015,1.91
JOURNAL OF GREAT LAKES RESEARCH,2016,1.958
JOURNAL OF GREAT LAKES RESEARCH,2017,2.354
JOURNAL OF GREAT LAKES RESEARCH,2018,2.175
JOURNAL OF GREAT LAKES RESEARCH,2019,1.933
JOURNAL OF GREAT LAKES RESEARCH,2020,2.48
JOURNAL OF GREAT LAKES RESEARCH,2021,3.032
JOURNAL OF GREAT LAKES RESEARCH,2022,2.2
JOURNAL OF GREAT LAKES RESEARCH,2023,2.4
JOURNAL OF RAPTOR RESEARCH,1997,0.353
JOURNAL OF RAPTOR RESEARCH,1998,0.423
JOURNAL OF RAPTOR RESEARCH,1999,0.527
JOURNAL OF RAPTOR RESEARCH,2000,0.269
JOURNAL OF RAPTOR RESEARCH,2001,0.324
JOURNAL OF RAPTOR RESEARCH,2002,0.38
JOURNAL OF RAPTOR RESEARCH,2003,0.414
JOURNAL OF RAPTOR RESEARCH,2004,0.462
JOURNAL OF RAPTOR RESEARCH,2005,0.333
JOURNAL OF RAPTOR RESEARCH,2006,0.448
JOURNAL OF RAPTOR RESEARCH,2007,0.419
JOURNAL OF RAPTOR RESEARCH,2008,0.37
JOURNAL OF RAPTOR RESEARCH,2009,0.435
JOURNAL OF RAPTOR RESEARCH,2010,0.536
JOURNAL OF RAPTOR RESEARCH,2011,0.783
JOURNAL OF RAPTOR RESEARCH,2012,0.728
JOURNAL OF RAPTOR RESEARCH,2013,0.591
JOURNAL OF RAPTOR RESEARCH,2014,0.631
JOURNAL OF RAPTOR RESEARCH,2015,0.775
JOURNAL OF RAPTOR RESEARCH,2016,0.745
JOURNAL OF RAPTOR RESEARCH,2017,0.699
JOURNAL OF RAPTOR RESEARCH,2018,1.167
JOURNAL OF RAPTOR RESEARCH,2019,0.849
JOURNAL OF RAPTOR RESEARCH,2020,1.151
JOURNAL OF RAPTOR RESEARCH,2021,1.518
JOURNAL OF RAPTOR RESEARCH,2022,1.7
JOURNAL OF RAPTOR RESEARCH,2023,1.2
JOURNAL OF WILDLIFE MANAGEMENT,1997,0.986
JOURNAL OF WILDLIFE MANAGEMENT,1998,1.004
JOURNAL OF WILDLIFE MANAGEMENT,1999,1.346
JOURNAL OF WILDLIFE MANAGEMENT,2000,1.436
JOURNAL OF WILDLIFE MANAGEMENT,2001,1.593
JOURNAL OF WILDLIFE MANAGEMENT,2002,1.836
JOURNAL OF WILDLIFE MANAGEMENT,2003,1.479
JOURNAL OF WILDLIFE MANAGEMENT,2004,1.484
JOURNAL OF WILDLIFE MANAGEMENT,2005,1.462
JOURNAL OF WILDLIFE MANAGEMENT,2006,1.538
JOURNAL OF WILDLIFE MANAGEMENT,2007,1.528
JOURNAL OF WILDLIFE MANAGEMENT,2008,1.323
JOURNAL OF WILDLIFE MANAGEMENT,2009,1.361
JOURNAL OF WILDLIFE MANAGEMENT,2010,1.555
JOURNAL OF WILDLIFE MANAGEMENT,2011,1.522
JOURNAL OF WILDLIFE MANAGEMENT,2012,1.64
JOURNAL OF WILDLIFE MANAGEMENT,2013,1.611
JOURNAL OF WILDLIFE MANAGEMENT,2014,1.726
JOURNAL OF WILDLIFE MANAGEMENT,2015,1.725
JOURNAL OF WILDLIFE MANAGEMENT,2016,1.897
JOURNAL OF WILDLIFE MANAGEMENT,2017,2.055
JOURNAL OF WILDLIFE MANAGEMENT,2018,1.881
JOURNAL OF WILDLIFE MANAGEMENT,2019,2.215
JOURNAL OF WILDLIFE MANAGEMENT,2020,2.469
JOURNAL OF WILDLIFE MANAGEMENT,2021,2.586
JOURNAL OF WILDLIFE MANAGEMENT,2022,2.3
JOURNAL OF WILDLIFE MANAGEMENT,2023,1.9
LAND,2019,2.429
LAND,2020,3.398
LAND,2021,3.905
LAND,2022,3.9
LAND,2023,3.2
LANDSCAPE ECOLOGY,1997,1.31
LANDSCAPE ECOLOGY,1998,0.746
LANDSCAPE ECOLOGY,1999,1.396
LANDSCAPE ECOLOGY,2000,1.408
LANDSCAPE ECOLOGY,2001,1.863
LANDSCAPE ECOLOGY,2002,1.675
LANDSCAPE ECOLOGY,2003,1.08
LANDSCAPE ECOLOGY,2004,2.092
LANDSCAPE ECOLOGY,2005,2.173
LANDSCAPE ECOLOGY,2006,2.558
LANDSCAPE ECOLOGY,2007,2.061
LANDSCAPE ECOLOGY,2008,2.453
LANDSCAPE ECOLOGY,2009,3.293
LANDSCAPE ECOLOGY,2010,3.2
LANDSCAPE ECOLOGY,2011,3.061
LANDSCAPE ECOLOGY,2012,2.897
LANDSCAPE ECOLOGY,2013,3.574
LANDSCAPE ECOLOGY,2014,3.5
LANDSCAPE ECOLOGY,2015,3.657
LANDSCAPE ECOLOGY,2016,3.615
LANDSCAPE ECOLOGY,2017,3.833
LANDSCAPE ECOLOGY,2018,4.349
LANDSCAPE ECOLOGY,2019,3.385
LANDSCAPE ECOLOGY,2020,3.851
LANDSCAPE ECOLOGY,2021,5.045
LANDSCAPE ECOLOGY,2022,5.2
LANDSCAPE ECOLOGY,2023,4
MARINE POLLUTION BULLETIN,1997,1.699
MARINE POLLUTION BULLETIN,1998,1.317
MARINE POLLUTION BULLETIN,1999,1.539
MARINE POLLUTION BULLETIN,2000,1.101
MARINE POLLUTION BULLETIN,2001,1.181
MARINE POLLUTION BULLETIN,2002,1.602
MARINE POLLUTION BULLETIN,2003,1.575
MARINE POLLUTION BULLETIN,2004,1.619
MARINE POLLUTION BULLETIN,2005,1.831
MARINE POLLUTION BULLETIN,2006,2.007
MARINE POLLUTION BULLETIN,2007,2.334
MARINE POLLUTION BULLETIN,2008,2.562
MARINE POLLUTION BULLETIN,2009,2.63
MARINE POLLUTION BULLETIN,2010,2.359
MARINE POLLUTION BULLETIN,2011,2.503
MARINE POLLUTION BULLETIN,2012,2.531
MARINE POLLUTION BULLETIN,2013,2.793
MARINE POLLUTION BULLETIN,2014,2.991
MARINE POLLUTION BULLETIN,2015,3.099
MARINE POLLUTION BULLETIN,2016,3.146
MARINE POLLUTION BULLETIN,2017,3.241
MARINE POLLUTION BULLETIN,2018,3.782
MARINE POLLUTION BULLETIN,2019,4.049
MARINE POLLUTION BULLETIN,2020,5.553
MARINE POLLUTION BULLETIN,2021,7.001
MARINE POLLUTION BULLETIN,2022,5.8
MARINE POLLUTION BULLETIN,2023,5.3
NORTHEASTERN NATURALIST,2003,0.225
NORTHEASTERN NATURALIST,2004,0.262
NORTHEASTERN NATURALIST,2005,1.489
NORTHEASTERN NATURALIST,2006,0.36
NORTHEASTERN NATURALIST,2007,0.539
NORTHEASTERN NATURALIST,2008,0.5
NORTHEASTERN NATURALIST,2009,0.5
NORTHEASTERN NATURALIST,2010,0.566
NORTHEASTERN NATURALIST,2011,0.296
NORTHEASTERN NATURALIST,2012,0.362
NORTHEASTERN NATURALIST,2013,0.361
NORTHEASTERN NATURALIST,2014,0.55
NORTHEASTERN NATURALIST,2015,0.569
NORTHEASTERN NATURALIST,2016,0.431
NORTHEASTERN NATURALIST,2017,0.597
NORTHEASTERN NATURALIST,2018,0.488
NORTHEASTERN NATURALIST,2019,0.538
NORTHEASTERN NATURALIST,2020,0.575
NORTHEASTERN NATURALIST,2021,0.486
NORTHEASTERN NATURALIST,2022,0.4
NORTHEASTERN NATURALIST,2023,0.5
NORTHWEST SCIENCE,1997,0.3
NORTHWEST SCIENCE,1998,0.363
NORTHWEST SCIENCE,1999,0.423
NORTHWEST SCIENCE,2000,0.661
NORTHWEST SCIENCE,2001,0.75
NORTHWEST SCIENCE,2002,0.238
NORTHWEST SCIENCE,2003,0.349
NORTHWEST SCIENCE,2004,0.38
NORTHWEST SCIENCE,2005,0.519
NORTHWEST SCIENCE,2006,0.507
NORTHWEST SCIENCE,2007,0.308
NORTHWEST SCIENCE,2008,0.424
NORTHWEST SCIENCE,2009,0.512
NORTHWEST SCIENCE,2010,0.378
NORTHWEST SCIENCE,2011,0.347
NORTHWEST SCIENCE,2012,0.512
NORTHWEST SCIENCE,2013,0.972
NORTHWEST SCIENCE,2014,0.566
NORTHWEST SCIENCE,2015,0.412
NORTHWEST SCIENCE,2016,0.548
NORTHWEST SCIENCE,2017,0.706
NORTHWEST SCIENCE,2018,0.571
NORTHWEST SCIENCE,2019,0.545
NORTHWEST SCIENCE,2020,0.588
NORTHWEST SCIENCE,2021,0.8
NORTHWEST SCIENCE,2022,0.4
NORTHWEST SCIENCE,2023,0.5
OECOLOGIA,1997,1.854
OECOLOGIA,1998,1.995
OECOLOGIA,1999,2.159
OECOLOGIA,2000,2.232
OECOLOGIA,2001,2.474
OECOLOGIA,2002,2.602
OECOLOGIA,2003,3.128
OECOLOGIA,2004,2.899
OECOLOGIA,2005,3.032
OECOLOGIA,2006,3.333
OECOLOGIA,2007,2.973
OECOLOGIA,2008,3.008
OECOLOGIA,2009,3.129
OECOLOGIA,2010,3.517
OECOLOGIA,2011,3.412
OECOLOGIA,2012,3.011
OECOLOGIA,2013,3.248
OECOLOGIA,2014,3.093
OECOLOGIA,2015,2.902
OECOLOGIA,2016,3.13
OECOLOGIA,2017,3.127
OECOLOGIA,2018,2.915
OECOLOGIA,2019,2.654
OECOLOGIA,2020,3.225
OECOLOGIA,2021,3.298
OECOLOGIA,2022,2.7
OECOLOGIA,2023,2.4
ORNITHOLOGICAL APPLICATIONS,2021,NA
ORNITHOLOGICAL APPLICATIONS,2022,2.4
ORNITHOLOGICAL APPLICATIONS,2023,2.6
ORNITHOLOGY,2021,NA
ORNITHOLOGY,2022,2.3
ORNITHOLOGY,2023,2.1
PLOS ONE,2009,4.351
PLOS ONE,2010,4.411
PLOS ONE,2011,4.092
PLOS ONE,2012,3.73
PLOS ONE,2013,3.534
PLOS ONE,2014,3.234
PLOS ONE,2015,3.057
PLOS ONE,2016,2.806
PLOS ONE,2017,2.766
PLOS ONE,2018,2.776
PLOS ONE,2019,2.74
PLOS ONE,2020,3.24
PLOS ONE,2021,3.752
PLOS ONE,2022,3.7
PLOS ONE,2023,2.9
POPULATION ECOLOGY,2000,NA
POPULATION ECOLOGY,2001,0.452
POPULATION ECOLOGY,2002,1.102
POPULATION ECOLOGY,2003,0.967
POPULATION ECOLOGY,2004,0.921
POPULATION ECOLOGY,2005,1.424
POPULATION ECOLOGY,2006,1.534
POPULATION ECOLOGY,2007,1.314
POPULATION ECOLOGY,2008,1.895
POPULATION ECOLOGY,2009,1.539
POPULATION ECOLOGY,2010,1.846
POPULATION ECOLOGY,2011,2.287
POPULATION ECOLOGY,2012,1.923
POPULATION ECOLOGY,2013,1.7
POPULATION ECOLOGY,2014,1.57
POPULATION ECOLOGY,2015,1.698
POPULATION ECOLOGY,2016,1.865
POPULATION ECOLOGY,2017,1.644
POPULATION ECOLOGY,2018,1.512
POPULATION ECOLOGY,2019,1.297
POPULATION ECOLOGY,2020,2.1
POPULATION ECOLOGY,2021,2.367
POPULATION ECOLOGY,2022,1.7
POPULATION ECOLOGY,2023,1.1
REGIONAL ENVIRONMENTAL CHANGE,2008,1.636
REGIONAL ENVIRONMENTAL CHANGE,2009,1.29
REGIONAL ENVIRONMENTAL CHANGE,2010,1.325
REGIONAL ENVIRONMENTAL CHANGE,2011,3
REGIONAL ENVIRONMENTAL CHANGE,2012,1.945
REGIONAL ENVIRONMENTAL CHANGE,2013,2.26
REGIONAL ENVIRONMENTAL CHANGE,2014,2.628
REGIONAL ENVIRONMENTAL CHANGE,2015,2.664
REGIONAL ENVIRONMENTAL CHANGE,2016,2.919
REGIONAL ENVIRONMENTAL CHANGE,2017,2.872
REGIONAL ENVIRONMENTAL CHANGE,2018,3.149
REGIONAL ENVIRONMENTAL CHANGE,2019,3.481
REGIONAL ENVIRONMENTAL CHANGE,2020,3.678
REGIONAL ENVIRONMENTAL CHANGE,2021,4.704
REGIONAL ENVIRONMENTAL CHANGE,2022,4.2
REGIONAL ENVIRONMENTAL CHANGE,2023,3.4
REMOTE SENSING OF ENVIRONMENT,1997,2.198
REMOTE SENSING OF ENVIRONMENT,1998,1.41
REMOTE SENSING OF ENVIRONMENT,1999,1.868
REMOTE SENSING OF ENVIRONMENT,2000,1.888
REMOTE SENSING OF ENVIRONMENT,2001,1.697
REMOTE SENSING OF ENVIRONMENT,2002,1.992
REMOTE SENSING OF ENVIRONMENT,2003,2.641
REMOTE SENSING OF ENVIRONMENT,2004,3.185
REMOTE SENSING OF ENVIRONMENT,2005,2.833
REMOTE SENSING OF ENVIRONMENT,2006,3.064
REMOTE SENSING OF ENVIRONMENT,2007,3.013
REMOTE SENSING OF ENVIRONMENT,2008,3.943
REMOTE SENSING OF ENVIRONMENT,2009,3.612
REMOTE SENSING OF ENVIRONMENT,2010,3.954
REMOTE SENSING OF ENVIRONMENT,2011,4.574
REMOTE SENSING OF ENVIRONMENT,2012,5.103
REMOTE SENSING OF ENVIRONMENT,2013,4.769
REMOTE SENSING OF ENVIRONMENT,2014,6.393
REMOTE SENSING OF ENVIRONMENT,2015,5.881
REMOTE SENSING OF ENVIRONMENT,2016,6.265
REMOTE SENSING OF ENVIRONMENT,2017,6.457
REMOTE SENSING OF ENVIRONMENT,2018,8.218
REMOTE SENSING OF ENVIRONMENT,2019,9.085
REMOTE SENSING OF ENVIRONMENT,2020,10.164
REMOTE SENSING OF ENVIRONMENT,2021,13.85
REMOTE SENSING OF ENVIRONMENT,2022,13.5
REMOTE SENSING OF ENVIRONMENT,2023,11.1
RESTORATION ECOLOGY,1997,0.847
RESTORATION ECOLOGY,1998,0.472
RESTORATION ECOLOGY,1999,1.236
RESTORATION ECOLOGY,2000,1.024
RESTORATION ECOLOGY,2001,1.011
RESTORATION ECOLOGY,2002,0.901
RESTORATION ECOLOGY,2003,0.842
RESTORATION ECOLOGY,2004,1.177
RESTORATION ECOLOGY,2005,1.38
RESTORATION ECOLOGY,2006,1.612
RESTORATION ECOLOGY,2007,1.928
RESTORATION ECOLOGY,2008,1.892
RESTORATION ECOLOGY,2009,1.665
RESTORATION ECOLOGY,2010,1.927
RESTORATION ECOLOGY,2011,1.681
RESTORATION ECOLOGY,2012,1.934
RESTORATION ECOLOGY,2013,1.991
RESTORATION ECOLOGY,2014,1.838
RESTORATION ECOLOGY,2015,1.891
RESTORATION ECOLOGY,2016,1.724
RESTORATION ECOLOGY,2017,2.544
RESTORATION ECOLOGY,2018,2.826
RESTORATION ECOLOGY,2019,2.721
RESTORATION ECOLOGY,2020,3.404
RESTORATION ECOLOGY,2021,4.181
RESTORATION ECOLOGY,2022,3.2
RESTORATION ECOLOGY,2023,2.8
RURAL AND REMOTE HEALTH,2010,0.931
RURAL AND REMOTE HEALTH,2011,0.979
RURAL AND REMOTE HEALTH,2012,0.82
RURAL AND REMOTE HEALTH,2013,0.868
RURAL AND REMOTE HEALTH,2014,0.878
RURAL AND REMOTE HEALTH,2015,0.783
RURAL AND REMOTE HEALTH,2016,0.853
RURAL AND REMOTE HEALTH,2017,1.096
RURAL AND REMOTE HEALTH,2018,0.985
RURAL AND REMOTE HEALTH,2019,1.147
RURAL AND REMOTE HEALTH,2020,1.759
RURAL AND REMOTE HEALTH,2021,2.733
RURAL AND REMOTE HEALTH,2022,2.1
RURAL AND REMOTE HEALTH,2023,2
SCIENCE ADVANCES,2017,11.511
SCIENCE ADVANCES,2018,12.804
SCIENCE ADVANCES,2019,13.117
SCIENCE ADVANCES,2020,14.143
SCIENCE ADVANCES,2021,14.98
SCIENCE ADVANCES,2022,13.6
SCIENCE ADVANCES,2023,11.7
SCIENCE OF THE TOTAL ENVIRONMENT,1997,0.947
SCIENCE OF THE TOTAL ENVIRONMENT,1998,1.249
SCIENCE OF THE TOTAL ENVIRONMENT,1999,1.126
SCIENCE OF THE TOTAL ENVIRONMENT,2000,1.252
SCIENCE OF THE TOTAL ENVIRONMENT,2001,1.396
SCIENCE OF THE TOTAL ENVIRONMENT,2002,1.537
SCIENCE OF THE TOTAL ENVIRONMENT,2003,1.455
SCIENCE OF THE TOTAL ENVIRONMENT,2004,1.925
SCIENCE OF THE TOTAL ENVIRONMENT,2005,2.224
SCIENCE OF THE TOTAL ENVIRONMENT,2006,2.359
SCIENCE OF THE TOTAL ENVIRONMENT,2007,2.182
SCIENCE OF THE TOTAL ENVIRONMENT,2008,2.579
SCIENCE OF THE TOTAL ENVIRONMENT,2009,2.905
SCIENCE OF THE TOTAL ENVIRONMENT,2010,3.19
SCIENCE OF THE TOTAL ENVIRONMENT,2011,3.286
SCIENCE OF THE TOTAL ENVIRONMENT,2012,3.258
SCIENCE OF THE TOTAL ENVIRONMENT,2013,3.163
SCIENCE OF THE TOTAL ENVIRONMENT,2014,4.099
SCIENCE OF THE TOTAL ENVIRONMENT,2015,3.976
SCIENCE OF THE TOTAL ENVIRONMENT,2016,4.9
SCIENCE OF THE TOTAL ENVIRONMENT,2017,4.61
SCIENCE OF THE TOTAL ENVIRONMENT,2018,5.589
SCIENCE OF THE TOTAL ENVIRONMENT,2019,6.551
SCIENCE OF THE TOTAL ENVIRONMENT,2020,7.963
SCIENCE OF THE TOTAL ENVIRONMENT,2021,10.754
SCIENCE OF THE TOTAL ENVIRONMENT,2022,9.8
SCIENCE OF THE TOTAL ENVIRONMENT,2023,8.2
SCIENTIFIC REPORTS,2011,NA
SCIENTIFIC REPORTS,2012,2.927
SCIENTIFIC REPORTS,2013,5.078
SCIENTIFIC REPORTS,2014,5.578
SCIENTIFIC REPORTS,2015,5.228
SCIENTIFIC REPORTS,2016,4.259
SCIENTIFIC REPORTS,2017,4.122
SCIENTIFIC REPORTS,2018,4.011
SCIENTIFIC REPORTS,2019,3.998
SCIENTIFIC REPORTS,2020,4.38
SCIENTIFIC REPORTS,2021,4.997
SCIENTIFIC REPORTS,2022,4.6
SCIENTIFIC REPORTS,2023,3.8
WATER AIR AND SOIL POLLUTION,1997,0.964
WATER AIR AND SOIL POLLUTION,1998,0.904
WATER AIR AND SOIL POLLUTION,1999,0.971
WATER AIR AND SOIL POLLUTION,2000,0.632
WATER AIR AND SOIL POLLUTION,2001,0.772
WATER AIR AND SOIL POLLUTION,2002,0.526
WATER AIR AND SOIL POLLUTION,2003,0.883
WATER AIR AND SOIL POLLUTION,2004,1.058
WATER AIR AND SOIL POLLUTION,2005,1.258
WATER AIR AND SOIL POLLUTION,2006,1.205
WATER AIR AND SOIL POLLUTION,2007,1.224
WATER AIR AND SOIL POLLUTION,2008,1.398
WATER AIR AND SOIL POLLUTION,2009,1.676
WATER AIR AND SOIL POLLUTION,2010,1.765
WATER AIR AND SOIL POLLUTION,2011,1.625
WATER AIR AND SOIL POLLUTION,2012,1.748
WATER AIR AND SOIL POLLUTION,2013,1.685
WATER AIR AND SOIL POLLUTION,2014,1.554
WATER AIR AND SOIL POLLUTION,2015,1.551
WATER AIR AND SOIL POLLUTION,2016,1.702
WATER AIR AND SOIL POLLUTION,2017,1.769
WATER AIR AND SOIL POLLUTION,2018,1.774
WATER AIR AND SOIL POLLUTION,2019,1.9
WATER AIR AND SOIL POLLUTION,2020,2.52
WATER AIR AND SOIL POLLUTION,2021,2.984
WATER AIR AND SOIL POLLUTION,2022,2.9
WATER AIR AND SOIL POLLUTION,2023,3.8
WATERBIRDS,1999,NA
WATERBIRDS,2000,0.467
WATERBIRDS,2001,0.466
WATERBIRDS,2002,0.705
WATERBIRDS,2003,0.337
WATERBIRDS,2004,0.381
WATERBIRDS,2005,0.504
WATERBIRDS,2006,0.497
WATERBIRDS,2007,0.497
WATERBIRDS,2008,0.818
WATERBIRDS,2009,0.476
WATERBIRDS,2010,0.575
WATERBIRDS,2011,0.757
WATERBIRDS,2012,0.919
WATERBIRDS,2013,0.648
WATERBIRDS,2014,0.637
WATERBIRDS,2015,0.512
WATERBIRDS,2016,0.678
WATERBIRDS,2017,0.669
WATERBIRDS,2018,0.654
WATERBIRDS,2019,0.584
WATERBIRDS,2020,0.534
WATERBIRDS,2021,0.548
WATERBIRDS,2022,0.3
WATERBIRDS,2023,0.7
WESTERN NORTH AMERICAN NATURALIST,2000,NA
WESTERN NORTH AMERICAN NATURALIST,2001,0.312
WESTERN NORTH AMERICAN NATURALIST,2002,0.426
WESTERN NORTH AMERICAN NATURALIST,2003,0.46
WESTERN NORTH AMERICAN NATURALIST,2004,0.215
WESTERN NORTH AMERICAN NATURALIST,2005,0.266
WESTERN NORTH AMERICAN NATURALIST,2006,0.451
WESTERN NORTH AMERICAN NATURALIST,2007,0.379
WESTERN NORTH AMERICAN NATURALIST,2008,0.318
WESTERN NORTH AMERICAN NATURALIST,2009,0.305
WESTERN NORTH AMERICAN NATURALIST,2010,0.41
WESTERN NORTH AMERICAN NATURALIST,2011,0.399
WESTERN NORTH AMERICAN NATURALIST,2012,0.366
WESTERN NORTH AMERICAN NATURALIST,2013,0.398
WESTERN NORTH AMERICAN NATURALIST,2014,0.355
WESTERN NORTH AMERICAN NATURALIST,2015,0.291
WESTERN NORTH AMERICAN NATURALIST,2016,0.311
WESTERN NORTH AMERICAN NATURALIST,2017,0.531
WESTERN NORTH AMERICAN NATURALIST,2018,0.42
WESTERN NORTH AMERICAN NATURALIST,2019,0.447
WESTERN NORTH AMERICAN NATURALIST,2020,0.569
WESTERN NORTH AMERICAN NATURALIST,2021,0.484
WESTERN NORTH AMERICAN NATURALIST,2022,0.6
WESTERN NORTH AMERICAN NATURALIST,2023,0.5
WETLANDS,1997,0.644
WETLANDS,1998,0.802
WETLANDS,1999,0.913
WETLANDS,2000,0.993
WETLANDS,2001,1.137
WETLANDS,2002,1.063
WETLANDS,2003,1.28
WETLANDS,2004,0.923
WETLANDS,2005,1.274
WETLANDS,2006,1.109
WETLANDS,2007,0.973
WETLANDS,2008,1.117
WETLANDS,2009,1.328
WETLANDS,2010,1.238
WETLANDS,2011,1.338
WETLANDS,2012,1.283
WETLANDS,2013,1.444
WETLANDS,2014,1.572
WETLANDS,2015,1.504
WETLANDS,2016,1.573
WETLANDS,2017,1.811
WETLANDS,2018,1.854
WETLANDS,2019,1.783
WETLANDS,2020,2.204
WETLANDS,2021,2.074
WETLANDS,2022,2
WETLANDS,2023,1.8
WILDLIFE BIOLOGY,2001,0.603
WILDLIFE BIOLOGY,2002,0.561
WILDLIFE BIOLOGY,2003,0.547
WILDLIFE BIOLOGY,2004,0.535
WILDLIFE BIOLOGY,2005,0.724
WILDLIFE BIOLOGY,2006,0.73
WILDLIFE BIOLOGY,2007,0.894
WILDLIFE BIOLOGY,2008,0.853
WILDLIFE BIOLOGY,2009,0.984
WILDLIFE BIOLOGY,2010,0.697
WILDLIFE BIOLOGY,2011,0.989
WILDLIFE BIOLOGY,2012,1.102
WILDLIFE BIOLOGY,2013,1.071
WILDLIFE BIOLOGY,2014,0.88
WILDLIFE BIOLOGY,2015,0.968
WILDLIFE BIOLOGY,2016,1.28
WILDLIFE BIOLOGY,2017,2.081
WILDLIFE BIOLOGY,2018,1.341
WILDLIFE BIOLOGY,2019,1.258
WILDLIFE BIOLOGY,2020,1.402
WILDLIFE BIOLOGY,2021,2.242
WILDLIFE BIOLOGY,2022,1.9
WILDLIFE BIOLOGY,2023,1.7
WILDLIFE RESEARCH,1997,0.802
WILDLIFE RESEARCH,1998,0.542
WILDLIFE RESEARCH,1999,0.691
WILDLIFE RESEARCH,2000,0.87
WILDLIFE RESEARCH,2001,0.921
WILDLIFE RESEARCH,2002,0.979
WILDLIFE RESEARCH,2003,0.993
WILDLIFE RESEARCH,2004,0.855
WILDLIFE RESEARCH,2005,0.795
WILDLIFE RESEARCH,2006,1.032
WILDLIFE RESEARCH,2007,0.943
WILDLIFE RESEARCH,2008,1.111
WILDLIFE RESEARCH,2009,1.222
WILDLIFE RESEARCH,2010,1.205
WILDLIFE RESEARCH,2011,1.323
WILDLIFE RESEARCH,2012,1.381
WILDLIFE RESEARCH,2013,1.194
WILDLIFE RESEARCH,2014,1.487
WILDLIFE RESEARCH,2015,1
WILDLIFE RESEARCH,2016,1.29
WILDLIFE RESEARCH,2017,1.41
WILDLIFE RESEARCH,2018,1.244
WILDLIFE RESEARCH,2019,1.669
WILDLIFE RESEARCH,2020,2.511
WILDLIFE RESEARCH,2021,2.178
WILDLIFE RESEARCH,2022,1.9
WILDLIFE RESEARCH,2023,1.6
WILDLIFE SOCIETY BULLETIN,1997,0.733
WILDLIFE SOCIETY BULLETIN,1998,0.541
WILDLIFE SOCIETY BULLETIN,1999,0.712
WILDLIFE SOCIETY BULLETIN,2000,0.693
WILDLIFE SOCIETY BULLETIN,2001,0.617
WILDLIFE SOCIETY BULLETIN,2002,0.821
WILDLIFE SOCIETY BULLETIN,2003,1.098
WILDLIFE SOCIETY BULLETIN,2004,0.714
WILDLIFE SOCIETY BULLETIN,2005,0.944
WILDLIFE SOCIETY BULLETIN,2006,0.843
WILDLIFE SOCIETY BULLETIN,2007,0.952
WILDLIFE SOCIETY BULLETIN,2008,1.266
WILDLIFE SOCIETY BULLETIN,2015,0.781
WILDLIFE SOCIETY BULLETIN,2016,0.967
WILDLIFE SOCIETY BULLETIN,2017,1.296
WILDLIFE SOCIETY BULLETIN,2018,1.29
WILDLIFE SOCIETY BULLETIN,2019,1.359
WILDLIFE SOCIETY BULLETIN,2020,1.583
WILDLIFE SOCIETY BULLETIN,2021,1.739
WILDLIFE SOCIETY BULLETIN,2022,1.5
WILDLIFE SOCIETY BULLETIN,2023,0.9
WILSON BULLETIN,1997,0.43
WILSON BULLETIN,1998,0.476
WILSON BULLETIN,1999,0.553
WILSON BULLETIN,2000,0.366
WILSON BULLETIN,2001,0.487
WILSON BULLETIN,2002,0.394
WILSON BULLETIN,2003,0.268
WILSON BULLETIN,2004,0.255
WILSON BULLETIN,2005,0.274
WILSON BULLETIN,2006,0.521
WILSON BULLETIN,2007,0.656
WILSON JOURNAL OF ORNITHOLOGY,2006,NA
WILSON JOURNAL OF ORNITHOLOGY,2007,0.317
WILSON JOURNAL OF ORNITHOLOGY,2008,0.47
WILSON JOURNAL OF ORNITHOLOGY,2009,0.42
WILSON JOURNAL OF ORNITHOLOGY,2010,0.538
WILSON JOURNAL OF ORNITHOLOGY,2011,0.465
WILSON JOURNAL OF ORNITHOLOGY,2012,0.519
WILSON JOURNAL OF ORNITHOLOGY,2013,0.565
WILSON JOURNAL OF ORNITHOLOGY,2014,0.596
WILSON JOURNAL OF ORNITHOLOGY,2015,0.553
WILSON JOURNAL OF ORNITHOLOGY,2016,0.647
WILSON JOURNAL OF ORNITHOLOGY,2017,0.483
WILSON JOURNAL OF ORNITHOLOGY,2018,0.634
WILSON JOURNAL OF ORNITHOLOGY,2019,0.574
WILSON JOURNAL OF ORNITHOLOGY,2020,0.656
WILSON JOURNAL OF ORNITHOLOGY,2021,0.458
WILSON JOURNAL OF ORNITHOLOGY,2022,0.3
WILSON JOURNAL OF ORNITHOLOGY,2023,0.4
FACETS,2023,2.9
FACETS,2022,3.1
FACETS,2021,2.862
FACETS,2020,2.535
2017 IEEE 13TH INTERNATIONAL CONFERENCE ON E-SCIENCE (E-SCIENCE),2017,NA
BIOLOGICAL INVASIONS,2023,2.8
BIOLOGICAL INVASIONS,2022,2.9
BIOLOGICAL INVASIONS,2021,3.606
BIOLOGICAL INVASIONS,2020,3.133
BIOLOGICAL INVASIONS,2019,3.087
BIOLOGICAL INVASIONS,2018,2.897
BIOLOGICAL INVASIONS,2017,3.054
BIOLOGICAL INVASIONS,2016,2.473
BIOLOGICAL INVASIONS,2015,2.855
BIOLOGICAL INVASIONS,2014,2.586
BIOLOGICAL INVASIONS,2013,2.716
BIOLOGICAL INVASIONS,2012,2.509
BIOLOGICAL INVASIONS,2011,2.896
BIOLOGICAL INVASIONS,2010,3.474
BIOLOGICAL INVASIONS,2009,3.074
BIOLOGICAL INVASIONS,2008,2.788
BIOLOGICAL INVASIONS,2007,2.125
BIOLOGICAL INVASIONS,2006,2.531
BIOMETRICS,2023,1.4
BIOMETRICS,2022,1.9
BIOMETRICS,2021,1.701
BIOMETRICS,2020,2.571
BIOMETRICS,2019,1.711
BIOMETRICS,2018,1.755
BIOMETRICS,2017,1.524
BIOMETRICS,2016,1.329
BIOMETRICS,2015,1.36
BIOMETRICS,2014,1.568
BIOMETRICS,2013,1.521
BIOMETRICS,2012,1.412
BIOMETRICS,2011,1.827
BIOMETRICS,2010,1.764
BIOMETRICS,2009,1.867
BIOMETRICS,2008,1.97
BIOMETRICS,2007,1.714
BIOMETRICS,2006,1.489
BIOMETRICS,2005,1.602
BIOMETRICS,2004,1.211
BIOMETRICS,2003,1.324
BIOMETRICS,2002,1.077
BIOMETRICS,2001,1.081
BIOMETRICS,2000,1.17
BIOMETRICS,1999,1.335
BIOMETRICS,1998,0.863
BIOMETRICS,1997,0.938
BOREAL BIRDS OF NORTH AMERICA: A HEMISPHERIC VIEW OF THEIR CONSERVATION LINKS AND SIGNIFICANCE,NA,NA
Communications Earth & Environment,2023,8.1
Communications Earth & Environment,2022,7.9
Communications Earth & Environment,2021,7.29
Diversity-Basel,2023,2.1
Diversity-Basel,2022,2.4
Diversity-Basel,2021,3.031
Diversity-Basel,2020,2.465
Diversity-Basel,2019,1.402
Diversity-Basel,2018,2.047
ECOLOGY AND CONSERVATION OF THE WILLOW FLYCATCHER,NA,NA
Frontiers in Veterinary Science,2023,2.6
Frontiers in Veterinary Science,2022,3.2
Frontiers in Veterinary Science,2021,3.471
Frontiers in Veterinary Science,2020,3.412
Frontiers in Veterinary Science,2019,2.245
Frontiers in Veterinary Science,2018,2.029
HYDROBIOLOGIA,2023,2.2
HYDROBIOLOGIA,2022,2.6
HYDROBIOLOGIA,2021,2.822
HYDROBIOLOGIA,2020,2.694
HYDROBIOLOGIA,2019,2.385
HYDROBIOLOGIA,2018,2.325
HYDROBIOLOGIA,2017,2.165
HYDROBIOLOGIA,2016,2.056
HYDROBIOLOGIA,2015,2.051
HYDROBIOLOGIA,2014,2.275
HYDROBIOLOGIA,2013,2.212
HYDROBIOLOGIA,2012,1.985
HYDROBIOLOGIA,2011,1.784
HYDROBIOLOGIA,2010,1.964
HYDROBIOLOGIA,2009,1.754
HYDROBIOLOGIA,2008,1.449
HYDROBIOLOGIA,2007,1.201
HYDROBIOLOGIA,2006,1.049
HYDROBIOLOGIA,2005,0.978
HYDROBIOLOGIA,2004,0.653
HYDROBIOLOGIA,2003,0.72
HYDROBIOLOGIA,2002,0.694
HYDROBIOLOGIA,2001,0.659
HYDROBIOLOGIA,2000,0.582
HYDROBIOLOGIA,1999,0.703
HYDROBIOLOGIA,1998,0.576
HYDROBIOLOGIA,1997,0.526
JOURNAL OF AGRICULTURAL BIOLOGICAL AND ENVIRONMENTAL STATISTICS,2002,0.574
JOURNAL OF AGRICULTURAL BIOLOGICAL AND ENVIRONMENTAL STATISTICS,2001,0.614
JOURNAL OF AGRICULTURAL BIOLOGICAL AND ENVIRONMENTAL STATISTICS,2023,1.4
JOURNAL OF AGRICULTURAL BIOLOGICAL AND ENVIRONMENTAL STATISTICS,2022,1.4
JOURNAL OF AGRICULTURAL BIOLOGICAL AND ENVIRONMENTAL STATISTICS,2021,2.267
JOURNAL OF AGRICULTURAL BIOLOGICAL AND ENVIRONMENTAL STATISTICS,2020,1.524
JOURNAL OF AGRICULTURAL BIOLOGICAL AND ENVIRONMENTAL STATISTICS,2019,1.65
JOURNAL OF AGRICULTURAL BIOLOGICAL AND ENVIRONMENTAL STATISTICS,2018,1.203
JOURNAL OF AGRICULTURAL BIOLOGICAL AND ENVIRONMENTAL STATISTICS,2017,1.072
JOURNAL OF AGRICULTURAL BIOLOGICAL AND ENVIRONMENTAL STATISTICS,2016,0.852
JOURNAL OF AGRICULTURAL BIOLOGICAL AND ENVIRONMENTAL STATISTICS,2015,0.79
JOURNAL OF AGRICULTURAL BIOLOGICAL AND ENVIRONMENTAL STATISTICS,2014,0.91
JOURNAL OF AGRICULTURAL BIOLOGICAL AND ENVIRONMENTAL STATISTICS,2013,0.783
JOURNAL OF AGRICULTURAL BIOLOGICAL AND ENVIRONMENTAL STATISTICS,2012,1.235
JOURNAL OF AGRICULTURAL BIOLOGICAL AND ENVIRONMENTAL STATISTICS,2011,1.21
JOURNAL OF AGRICULTURAL BIOLOGICAL AND ENVIRONMENTAL STATISTICS,2010,0.722
JOURNAL OF AGRICULTURAL BIOLOGICAL AND ENVIRONMENTAL STATISTICS,2009,0.684
JOURNAL OF AGRICULTURAL BIOLOGICAL AND ENVIRONMENTAL STATISTICS,2008,1.339
JOURNAL OF AGRICULTURAL BIOLOGICAL AND ENVIRONMENTAL STATISTICS,2007,0.946
JOURNAL OF AGRICULTURAL BIOLOGICAL AND ENVIRONMENTAL STATISTICS,2006,0.85
JOURNAL OF AGRICULTURAL BIOLOGICAL AND ENVIRONMENTAL STATISTICS,2005,0.717
JOURNAL OF AGRICULTURAL BIOLOGICAL AND ENVIRONMENTAL STATISTICS,2004,0.557
JOURNAL OF AGRICULTURAL BIOLOGICAL AND ENVIRONMENTAL STATISTICS,2003,0.479
Ornithology Research,2023,1.4
Ornithology Research,2022,1.1
Ornithology Research,2021,0.385
Ornithology Research,2020,NA
POLAR BIOLOGY,2023,1.5
POLAR BIOLOGY,2022,1.7
POLAR BIOLOGY,2021,2.198
POLAR BIOLOGY,2020,2.31
POLAR BIOLOGY,2019,1.728
POLAR BIOLOGY,2018,2.002
POLAR BIOLOGY,2017,1.954
POLAR BIOLOGY,2016,1.949
POLAR BIOLOGY,2015,1.711
POLAR BIOLOGY,2014,1.586
POLAR BIOLOGY,2013,2.071
POLAR BIOLOGY,2012,2.006
POLAR BIOLOGY,2011,1.659
POLAR BIOLOGY,2010,1.445
POLAR BIOLOGY,2009,1.691
POLAR BIOLOGY,2008,1.515
POLAR BIOLOGY,2007,1.734
POLAR BIOLOGY,2006,1.502
POLAR BIOLOGY,2005,1.298
POLAR BIOLOGY,2004,1.315
POLAR BIOLOGY,2003,1.347
POLAR BIOLOGY,2002,1.381
POLAR BIOLOGY,2001,1.133
POLAR BIOLOGY,2000,1.067
POLAR BIOLOGY,1999,0.966
POLAR BIOLOGY,1998,1.055
POLAR BIOLOGY,1997,1.363
PROCEEDINGS OF THE NATIONAL ACADEMY OF SCIENCES OF THE UNITED STATES OF AMERICA,2023,9.4
PROCEEDINGS OF THE NATIONAL ACADEMY OF SCIENCES OF THE UNITED STATES OF AMERICA,2022,11.1
PROCEEDINGS OF THE NATIONAL ACADEMY OF SCIENCES OF THE UNITED STATES OF AMERICA,2021,12.779
PROCEEDINGS OF THE NATIONAL ACADEMY OF SCIENCES OF THE UNITED STATES OF AMERICA,2020,11.205
PROCEEDINGS OF THE NATIONAL ACADEMY OF SCIENCES OF THE UNITED STATES OF AMERICA,2019,9.412
PROCEEDINGS OF THE NATIONAL ACADEMY OF SCIENCES OF THE UNITED STATES OF AMERICA,2018,9.58
PROCEEDINGS OF THE NATIONAL ACADEMY OF SCIENCES OF THE UNITED STATES OF AMERICA,2017,9.504
PROCEEDINGS OF THE NATIONAL ACADEMY OF SCIENCES OF THE UNITED STATES OF AMERICA,2016,9.661
PROCEEDINGS OF THE NATIONAL ACADEMY OF SCIENCES OF THE UNITED STATES OF AMERICA,2015,9.423
PROCEEDINGS OF THE NATIONAL ACADEMY OF SCIENCES OF THE UNITED STATES OF AMERICA,2014,9.674
PROCEEDINGS OF THE NATIONAL ACADEMY OF SCIENCES OF THE UNITED STATES OF AMERICA,2013,9.809
PROCEEDINGS OF THE NATIONAL ACADEMY OF SCIENCES OF THE UNITED STATES OF AMERICA,2012,9.737
PROCEEDINGS OF THE NATIONAL ACADEMY OF SCIENCES OF THE UNITED STATES OF AMERICA,2011,9.681
PROCEEDINGS OF THE NATIONAL ACADEMY OF SCIENCES OF THE UNITED STATES OF AMERICA,2010,9.771
PROCEEDINGS OF THE NATIONAL ACADEMY OF SCIENCES OF THE UNITED STATES OF AMERICA,2009,9.432
PROCEEDINGS OF THE NATIONAL ACADEMY OF SCIENCES OF THE UNITED STATES OF AMERICA,2008,9.38
PROCEEDINGS OF THE NATIONAL ACADEMY OF SCIENCES OF THE UNITED STATES OF AMERICA,2007,9.598
PROCEEDINGS OF THE NATIONAL ACADEMY OF SCIENCES OF THE UNITED STATES OF AMERICA,2006,9.643
PROCEEDINGS OF THE NATIONAL ACADEMY OF SCIENCES OF THE UNITED STATES OF AMERICA,2005,10.231
PROCEEDINGS OF THE NATIONAL ACADEMY OF SCIENCES OF THE UNITED STATES OF AMERICA,2004,10.452
PROCEEDINGS OF THE NATIONAL ACADEMY OF SCIENCES OF THE UNITED STATES OF AMERICA,2003,10.272
PROCEEDINGS OF THE NATIONAL ACADEMY OF SCIENCES OF THE UNITED STATES OF AMERICA,2002,10.7
PROCEEDINGS OF THE NATIONAL ACADEMY OF SCIENCES OF THE UNITED STATES OF AMERICA,2001,10.896
PROCEEDINGS OF THE NATIONAL ACADEMY OF SCIENCES OF THE UNITED STATES OF AMERICA,2000,10.789
PROCEEDINGS OF THE NATIONAL ACADEMY OF SCIENCES OF THE UNITED STATES OF AMERICA,1999,10.26
PROCEEDINGS OF THE NATIONAL ACADEMY OF SCIENCES OF THE UNITED STATES OF AMERICA,1998,9.821
PROCEEDINGS OF THE NATIONAL ACADEMY OF SCIENCES OF THE UNITED STATES OF AMERICA,1997,9.04
